-- MySQL dump 10.15  Distrib 10.0.23-MariaDB, for Linux (x86_64)
--
-- Host: localhost    Database: swe
-- ------------------------------------------------------
-- Server version	10.0.23-MariaDB

/*!40101 SET @OLD_CHARACTER_SET_CLIENT=@@CHARACTER_SET_CLIENT */;
/*!40101 SET @OLD_CHARACTER_SET_RESULTS=@@CHARACTER_SET_RESULTS */;
/*!40101 SET @OLD_COLLATION_CONNECTION=@@COLLATION_CONNECTION */;
/*!40101 SET NAMES utf8 */;
/*!40103 SET @OLD_TIME_ZONE=@@TIME_ZONE */;
/*!40103 SET TIME_ZONE='+00:00' */;
/*!40014 SET @OLD_UNIQUE_CHECKS=@@UNIQUE_CHECKS, UNIQUE_CHECKS=0 */;
/*!40014 SET @OLD_FOREIGN_KEY_CHECKS=@@FOREIGN_KEY_CHECKS, FOREIGN_KEY_CHECKS=0 */;
/*!40101 SET @OLD_SQL_MODE=@@SQL_MODE, SQL_MODE='NO_AUTO_VALUE_ON_ZERO' */;
/*!40111 SET @OLD_SQL_NOTES=@@SQL_NOTES, SQL_NOTES=0 */;

--
-- Table structure for table `association_game_company`
--

DROP TABLE IF EXISTS `association_game_company`;
/*!40101 SET @saved_cs_client     = @@character_set_client */;
/*!40101 SET character_set_client = utf8 */;
CREATE TABLE `association_game_company` (
  `game_id` int(11) DEFAULT NULL,
  `company_id` int(11) DEFAULT NULL,
  KEY `game_id` (`game_id`),
  KEY `company_id` (`company_id`),
  CONSTRAINT `association_game_company_ibfk_1` FOREIGN KEY (`game_id`) REFERENCES `games` (`game_id`),
  CONSTRAINT `association_game_company_ibfk_2` FOREIGN KEY (`company_id`) REFERENCES `companies` (`company_id`)
) ENGINE=InnoDB DEFAULT CHARSET=latin1;
/*!40101 SET character_set_client = @saved_cs_client */;

--
-- Dumping data for table `association_game_company`
--

LOCK TABLES `association_game_company` WRITE;
/*!40000 ALTER TABLE `association_game_company` DISABLE KEYS */;
INSERT INTO `association_game_company` VALUES (1,3),(1,26),(1,4),(2,3),(2,4),(2,26),(3,25),(3,4),(3,26),(4,27),(4,26),(5,5),(5,12),(5,222),(5,2),(6,2),(6,12),(6,5),(6,222),(7,272),(7,273),(8,273),(9,274),(9,267),(9,275),(10,2),(10,52),(10,53),(10,8),(10,54),(11,66),(11,1),(11,117),(12,182),(12,66),(13,244),(13,5),(13,12),(14,12),(14,5),(15,245),(15,28),(15,126),(16,47),(16,28),(16,248),(16,2493),(17,246),(17,247),(18,23),(18,224),(18,305),(18,139),(18,3190),(18,130),(18,1733),(18,29),(18,2134),(18,204),(18,306),(19,307),(19,29),(19,224),(19,139),(19,305),(20,13),(20,17),(20,649),(20,139),(20,8),(20,23),(20,21),(21,15),(21,449),(21,8),(21,17),(21,18),(21,20),(21,21),(21,139),(22,21),(22,3),(22,1),(23,3),(23,295),(24,152),(24,180),(24,1044),(25,183),(25,152),(25,8),(26,180),(26,152),(27,152),(28,24),(29,24),(29,6000),(30,316),(31,316),(32,316),(32,317),(33,316),(34,174),(34,173),(34,136),(34,120),(34,5),(35,14),(35,1),(36,1),(36,14),(37,11),(37,1),(39,203),(39,204),(39,139),(40,301),(40,302),(40,8),(40,157),(40,139),(41,25),(41,4),(41,73),(41,378),(41,26),(42,25),(42,4),(43,26),(43,27),(44,115),(44,279),(44,331),(45,331),(45,279),(45,115),(46,331),(46,115),(47,163),(47,115),(48,163),(48,115),(49,14),(49,1),(50,14),(50,1),(51,14),(51,1),(52,28),(52,126),(53,28),(53,126),(54,28),(55,28),(56,126),(56,28),(56,104),(56,245),(57,28),(57,104),(57,126),(58,28),(58,104),(58,126),(59,126),(59,279),(59,1053),(59,28),(59,8),(60,9),(60,2380),(61,10),(62,197),(62,10),(62,66),(63,10),(63,378),(63,73),(64,294),(64,10),(65,10),(65,73),(66,10),(67,151),(67,152),(68,130),(68,152),(68,151),(69,213),(69,304),(70,3),(71,56),(71,53),(72,56),(73,2),(73,13),(73,53),(73,1),(73,222),(73,223),(74,2),(74,1),(74,222),(75,1),(75,2),(75,222),(76,223),(76,1),(76,2),(77,222),(77,1),(77,1053),(78,2),(78,1),(78,1053),(80,82),(80,908),(81,2),(81,12),(81,5),(81,222),(82,2),(82,5),(82,12),(82,222),(83,81),(83,79),(83,78),(83,392),(83,1882),(83,5057),(83,141),(84,12),(84,287),(84,5),(85,234),(85,141),(86,113),(86,141),(87,178),(87,113),(87,141),(87,1),(88,236),(88,254),(88,234),(88,157),(89,178),(89,113),(89,1),(90,277),(90,1),(91,277),(91,1),(92,277),(92,1),(93,277),(93,1),(94,277),(94,353),(94,1),(94,354),(94,355),(94,2053),(95,349),(95,350),(95,1),(96,332),(96,1),(97,332),(97,1),(98,1),(98,11),(98,332),(99,276),(99,1),(99,332),(100,1),(100,332),(100,348),(101,357),(101,1),(101,332),(101,348),(101,3956),(102,1),(102,356),(103,1),(103,351),(103,357),(104,332),(104,333),(104,1),(105,94),(105,347),(105,348),(105,1),(106,9),(107,203),(107,204),(107,139),(107,268),(108,203),(108,139),(108,204),(109,30),(109,365),(109,308),(109,29),(109,139),(110,32),(111,36),(112,37),(113,104),(113,39),(113,38),(113,896),(114,2),(114,1),(114,3845),(114,10),(115,1494),(115,41),(115,42),(116,73),(116,10),(116,66),(116,2),(117,45),(117,44),(118,66),(118,73),(118,10),(118,47),(119,48),(119,50),(120,51),(120,26),(121,58),(121,1010),(121,279),(121,45),(122,56),(122,57),(122,55),(123,51),(124,56),(124,55),(125,59),(125,60),(125,51),(125,1),(125,252),(125,651),(126,51),(126,59),(126,4090),(126,24),(127,38),(127,104),(128,38),(128,104),(129,5),(129,51),(129,200),(130,51),(130,163),(130,1),(130,200),(131,201),(131,51),(131,1),(131,200),(132,51),(132,24),(132,37),(133,51),(133,24),(133,37),(134,37),(135,37),(136,37),(136,104),(137,10),(137,73),(137,391),(138,1290),(138,292),(138,10),(140,68),(140,10),(141,63),(141,10),(142,63),(142,10),(142,64),(142,1),(142,66),(143,65),(143,10),(143,66),(144,67),(144,10),(144,73),(145,243),(145,10),(146,243),(146,10),(147,243),(147,10),(148,10),(148,66),(148,1),(149,10),(150,10),(151,10),(152,10),(152,74),(152,73),(152,72),(152,71),(152,66),(152,378),(153,10),(153,71),(153,72),(153,66),(153,74),(153,73),(154,70),(154,10),(155,690),(155,10),(155,197),(156,75),(156,10),(156,197),(157,10),(157,1764),(157,141),(157,341),(158,69),(158,10),(159,76),(159,10),(160,10),(163,75),(163,10),(163,70),(166,77),(166,10),(167,77),(167,10),(168,77),(168,10),(169,77),(169,10),(170,77),(170,10),(171,77),(171,10),(172,77),(172,10),(173,77),(173,10),(174,10),(174,67),(175,10),(176,82),(176,9),(177,75),(177,10),(177,84),(178,9),(179,9),(179,10),(180,10),(181,10),(182,10),(182,9),(183,10),(184,285),(184,227),(184,9),(185,285),(185,227),(186,9),(189,10),(189,292),(189,1290),(190,292),(190,10),(190,293),(191,10),(191,9),(191,227),(192,9),(192,303),(192,10),(193,10),(194,10),(195,9),(196,10),(197,9),(197,10),(198,9),(198,10),(199,9),(199,1),(200,340),(200,9),(200,339),(200,128),(200,341),(201,366),(201,82),(201,66),(201,9),(202,10),(203,10),(203,77),(204,9),(205,9),(205,1),(206,243),(207,10),(208,9),(209,208),(209,10),(210,386),(210,385),(210,10),(211,136),(211,10),(211,66),(212,1),(212,85),(213,2),(213,1),(214,47),(214,82),(214,1475),(215,87),(215,1),(216,82),(216,130),(216,2),(217,112),(217,2),(218,5),(218,5071),(218,2),(219,91),(219,89),(219,90),(219,88),(219,5),(220,5),(220,2),(220,360),(221,32),(221,343),(221,5042),(221,5833),(221,66),(222,24),(223,284),(223,1),(224,284),(224,1),(224,73),(225,73),(225,284),(225,1),(226,143),(226,73),(226,284),(227,51),(228,51),(229,179),(229,51),(230,51),(231,148),(231,24),(231,56),(232,148),(232,24),(232,56),(233,24),(233,56),(234,255),(234,256),(235,208),(235,82),(236,326),(236,195),(236,327),(236,328),(236,251),(237,106),(237,284),(237,1),(238,326),(238,195),(238,287),(238,112),(239,51),(240,73),(240,1),(240,94),(241,147),(241,56),(241,53),(242,146),(242,145),(242,144),(243,194),(243,95),(243,193),(243,4),(243,37),(244,15),(244,8),(245,142),(245,1),(246,24),(246,51),(246,59),(247,56),(247,143),(247,74),(248,1),(248,14),(249,560),(250,80),(250,281),(250,280),(250,24),(251,195),(252,212),(252,215),(253,5),(254,152),(254,183),(255,117),(255,24),(256,214),(256,212),(256,215),(257,196),(257,197),(258,212),(258,215),(259,212),(259,214),(259,215),(260,283),(260,1),(260,348),(261,212),(261,213),(262,210),(262,82),(263,212),(263,215),(263,217),(263,218),(263,130),(264,82),(264,210),(265,212),(265,215),(266,210),(266,82),(267,212),(267,215),(268,216),(269,216),(270,127),(270,4),(271,202),(271,203),(271,204),(272,168),(272,17),(272,205),(273,206),(273,17),(273,205),(274,207),(274,204),(274,130),(274,23),(275,498),(275,4),(275,1053);
/*!40000 ALTER TABLE `association_game_company` ENABLE KEYS */;
UNLOCK TABLES;

--
-- Table structure for table `association_game_genre`
--

DROP TABLE IF EXISTS `association_game_genre`;
/*!40101 SET @saved_cs_client     = @@character_set_client */;
/*!40101 SET character_set_client = utf8 */;
CREATE TABLE `association_game_genre` (
  `game_id` int(11) DEFAULT NULL,
  `genre_id` int(11) DEFAULT NULL,
  KEY `game_id` (`game_id`),
  KEY `genre_id` (`genre_id`),
  CONSTRAINT `association_game_genre_ibfk_1` FOREIGN KEY (`game_id`) REFERENCES `games` (`game_id`),
  CONSTRAINT `association_game_genre_ibfk_2` FOREIGN KEY (`genre_id`) REFERENCES `genres` (`genre_id`)
) ENGINE=InnoDB DEFAULT CHARSET=latin1;
/*!40101 SET character_set_client = @saved_cs_client */;

--
-- Dumping data for table `association_game_genre`
--

LOCK TABLES `association_game_genre` WRITE;
/*!40000 ALTER TABLE `association_game_genre` DISABLE KEYS */;
INSERT INTO `association_game_genre` VALUES (1,1),(2,1),(3,1),(4,1),(5,2),(6,3),(6,2),(7,2),(7,4),(7,5),(8,2),(8,4),(8,5),(9,2),(9,4),(9,5),(10,2),(10,6),(10,7),(11,2),(12,2),(13,2),(13,4),(14,2),(14,4),(15,1),(15,2),(16,1),(16,2),(17,2),(17,4),(17,5),(18,1),(19,1),(20,1),(20,2),(20,7),(21,1),(21,2),(22,1),(22,2),(23,1),(23,2),(24,3),(24,4),(24,5),(25,4),(25,5),(26,4),(26,5),(26,8),(27,9),(27,8),(28,10),(28,7),(29,10),(29,7),(30,10),(30,7),(31,10),(31,7),(32,10),(32,7),(33,10),(33,7),(34,8),(34,1),(34,3),(35,8),(35,3),(36,8),(36,3),(37,1),(39,1),(39,7),(40,1),(40,7),(41,1),(41,2),(42,1),(42,2),(43,2),(43,1),(44,11),(44,7),(45,11),(46,7),(46,11),(47,11),(48,12),(48,11),(49,5),(50,5),(51,5),(52,2),(53,7),(53,2),(54,2),(55,7),(55,2),(56,2),(56,7),(57,2),(58,2),(59,7),(59,2),(60,12),(60,10),(60,7),(61,12),(61,10),(61,7),(62,12),(62,10),(62,7),(63,12),(63,10),(63,7),(64,10),(64,12),(65,12),(65,10),(65,7),(66,12),(66,10),(66,7),(67,3),(67,4),(68,3),(68,4),(69,4),(70,1),(71,13),(71,1),(71,12),(72,13),(72,12),(73,1),(73,2),(74,1),(74,2),(75,7),(75,2),(75,1),(76,2),(77,2),(78,2),(80,2),(81,2),(82,3),(83,2),(83,11),(84,2),(84,11),(85,3),(85,7),(85,8),(86,8),(86,3),(87,8),(87,3),(88,7),(89,8),(89,3),(90,9),(90,14),(91,9),(91,14),(92,9),(92,14),(93,9),(93,14),(94,9),(94,14),(95,9),(95,14),(96,9),(96,14),(97,9),(97,14),(98,9),(98,14),(99,9),(99,14),(100,9),(100,14),(101,15),(101,14),(102,9),(102,14),(103,14),(103,15),(104,9),(104,14),(105,9),(105,14),(106,10),(106,7),(107,1),(107,5),(108,1),(108,5),(109,7),(109,1),(110,10),(110,7),(111,16),(111,7),(111,12),(112,11),(113,7),(114,2),(115,8),(116,2),(116,7),(117,13),(117,12),(117,7),(118,2),(118,7),(119,6),(120,2),(120,11),(121,7),(121,16),(122,1),(123,2),(123,7),(124,1),(125,2),(126,2),(126,11),(127,7),(128,7),(129,8),(129,3),(130,8),(130,3),(131,8),(131,3),(132,8),(132,3),(133,8),(133,3),(134,11),(135,11),(136,11),(137,2),(138,7),(138,13),(140,8),(141,1),(142,1),(143,1),(143,14),(144,8),(144,3),(145,2),(146,2),(147,2),(148,1),(148,5),(149,1),(150,1),(151,8),(152,1),(153,1),(154,14),(155,7),(155,12),(156,1),(157,1),(158,7),(159,8),(160,1),(163,1),(166,9),(167,9),(168,9),(169,9),(170,9),(171,9),(172,9),(173,9),(174,8),(174,3),(175,3),(176,17),(177,14),(178,9),(179,9),(180,12),(180,10),(180,7),(181,12),(181,10),(181,7),(182,9),(183,7),(184,12),(184,10),(184,7),(185,13),(186,10),(186,7),(189,7),(190,13),(191,10),(191,7),(192,10),(192,7),(193,10),(193,7),(194,7),(194,12),(195,13),(196,1),(197,9),(198,9),(199,9),(200,12),(201,9),(202,10),(202,7),(203,9),(204,9),(205,3),(205,9),(206,2),(207,10),(207,7),(208,9),(209,8),(210,1),(210,7),(211,1),(212,7),(212,3),(213,1),(214,2),(214,7),(215,2),(216,2),(217,13),(218,7),(218,1),(219,1),(220,9),(220,1),(221,10),(221,7),(222,10),(222,7),(223,9),(224,9),(225,9),(226,9),(227,2),(228,2),(229,2),(230,8),(230,3),(231,1),(231,13),(231,12),(232,13),(232,12),(232,1),(233,1),(233,13),(233,12),(234,2),(235,9),(235,3),(236,7),(236,12),(237,9),(237,3),(238,7),(238,12),(239,8),(240,1),(241,1),(242,8),(242,3),(243,18),(244,1),(245,8),(245,3),(246,2),(246,11),(247,12),(247,1),(248,8),(249,2),(250,7),(250,1),(251,7),(251,12),(252,1),(252,17),(253,2),(254,9),(254,3),(255,2),(255,4),(256,1),(256,17),(257,8),(258,1),(258,17),(259,1),(259,17),(260,9),(260,3),(261,1),(261,17),(262,1),(262,17),(263,1),(263,17),(264,1),(264,17),(265,1),(265,17),(266,1),(266,17),(267,1),(267,17),(268,1),(268,17),(269,1),(269,17),(270,2),(271,1),(272,1),(273,1),(274,3),(275,1);
/*!40000 ALTER TABLE `association_game_genre` ENABLE KEYS */;
UNLOCK TABLES;

--
-- Table structure for table `association_game_platform`
--

DROP TABLE IF EXISTS `association_game_platform`;
/*!40101 SET @saved_cs_client     = @@character_set_client */;
/*!40101 SET character_set_client = utf8 */;
CREATE TABLE `association_game_platform` (
  `game_id` int(11) DEFAULT NULL,
  `platform_id` int(11) DEFAULT NULL,
  KEY `game_id` (`game_id`),
  KEY `platform_id` (`platform_id`),
  CONSTRAINT `association_game_platform_ibfk_1` FOREIGN KEY (`game_id`) REFERENCES `games` (`game_id`),
  CONSTRAINT `association_game_platform_ibfk_2` FOREIGN KEY (`platform_id`) REFERENCES `platforms` (`platform_id`)
) ENGINE=InnoDB DEFAULT CHARSET=latin1;
/*!40101 SET character_set_client = @saved_cs_client */;

--
-- Dumping data for table `association_game_platform`
--

LOCK TABLES `association_game_platform` WRITE;
/*!40000 ALTER TABLE `association_game_platform` DISABLE KEYS */;
INSERT INTO `association_game_platform` VALUES (1,1),(2,1),(3,2),(3,1),(4,6),(4,4),(4,5),(4,3),(4,1),(5,1),(5,7),(6,1),(6,8),(6,7),(7,9),(7,10),(8,9),(9,11),(9,7),(9,1),(10,8),(10,1),(10,2),(10,5),(11,1),(12,8),(12,1),(13,8),(13,1),(13,9),(14,8),(14,1),(15,1),(15,3),(15,5),(16,1),(16,3),(16,5),(17,1),(18,12),(18,1),(18,2),(18,15),(18,14),(18,13),(18,8),(19,1),(19,2),(19,12),(20,5),(20,1),(20,3),(20,8),(21,8),(21,1),(21,3),(21,5),(22,1),(23,8),(23,9),(24,11),(24,16),(24,9),(25,1),(25,9),(25,16),(26,1),(26,9),(27,1),(28,17),(28,18),(28,9),(28,11),(28,8),(29,9),(29,17),(29,18),(29,11),(29,8),(30,11),(30,8),(30,9),(30,18),(31,11),(31,8),(31,1),(31,9),(32,9),(33,8),(33,1),(33,9),(34,1),(34,8),(34,12),(35,1),(35,9),(35,8),(36,1),(37,3),(37,5),(37,1),(38,1),(38,3),(38,5),(39,1),(39,2),(39,12),(40,1),(40,3),(40,5),(41,1),(41,8),(41,12),(41,19),(42,1),(42,2),(43,1),(43,3),(43,5),(43,8),(44,1),(44,5),(44,3),(45,1),(45,5),(45,3),(46,1),(46,3),(46,5),(47,20),(48,10),(49,11),(49,8),(49,9),(49,21),(49,22),(49,23),(49,24),(49,25),(49,26),(49,27),(50,11),(50,9),(51,9),(51,16),(52,1),(53,9),(54,9),(55,9),(56,1),(56,2),(57,1),(58,1),(59,1),(59,5),(59,3),(60,18),(60,8),(60,9),(60,11),(60,25),(60,27),(61,8),(61,9),(61,11),(62,1),(63,1),(63,8),(63,12),(64,1),(64,20),(64,8),(64,3),(64,14),(65,1),(65,28),(65,14),(65,8),(65,19),(66,19),(66,14),(66,1),(66,28),(67,8),(67,9),(68,8),(68,1),(68,9),(69,8),(69,1),(70,9),(71,1),(71,5),(71,3),(71,28),(71,8),(71,7),(72,8),(72,1),(72,3),(72,5),(73,5),(73,1),(73,3),(74,1),(74,5),(74,3),(75,1),(75,3),(75,5),(75,29),(76,1),(76,3),(76,5),(76,8),(77,1),(77,3),(77,5),(77,8),(78,8),(78,1),(78,3),(78,5),(79,2),(79,8),(79,1),(80,1),(80,8),(81,8),(81,1),(82,1),(83,12),(83,30),(83,2),(83,13),(84,12),(84,2),(85,11),(85,9),(85,25),(86,9),(86,21),(86,31),(86,11),(87,1),(87,16),(88,1),(88,12),(89,1),(90,9),(90,16),(90,32),(90,1),(91,16),(91,1),(92,16),(92,1),(93,16),(93,1),(94,1),(94,16),(94,13),(95,30),(95,12),(95,2),(95,1),(96,30),(96,12),(96,2),(96,1),(96,13),(97,1),(97,30),(97,12),(97,13),(97,2),(97,10),(98,10),(98,1),(98,13),(98,30),(98,12),(98,2),(98,5),(99,13),(99,1),(99,10),(99,30),(99,33),(99,12),(99,2),(99,5),(99,3),(99,20),(99,8),(100,1),(100,10),(100,12),(100,3),(100,33),(100,20),(100,5),(101,14),(101,1),(101,10),(101,12),(101,3),(101,33),(101,20),(101,5),(102,15),(102,14),(102,1),(102,3),(102,33),(102,5),(103,10),(103,20),(104,1),(105,14),(105,1),(105,3),(105,20),(105,5),(106,34),(106,9),(106,11),(106,18),(106,27),(107,1),(108,1),(109,3),(109,5),(109,1),(110,8),(110,1),(110,9),(111,1),(112,3),(112,5),(112,1),(112,14),(113,3),(113,5),(113,1),(114,1),(115,8),(115,1),(116,2),(116,1),(116,8),(116,14),(116,15),(117,4),(118,2),(118,1),(118,7),(118,8),(119,3),(119,5),(120,8),(120,1),(120,3),(120,5),(120,4),(120,6),(121,15),(121,14),(121,7),(121,8),(121,1),(121,5),(121,3),(121,4),(121,35),(121,36),(121,6),(121,29),(122,1),(122,5),(122,8),(123,8),(123,1),(124,1),(124,5),(124,8),(124,7),(125,1),(125,16),(125,8),(126,1),(126,8),(127,3),(127,5),(127,1),(127,8),(128,3),(128,5),(128,1),(129,9),(129,8),(130,8),(130,9),(130,1),(130,16),(130,32),(131,9),(131,8),(131,1),(131,16),(131,32),(132,8),(132,1),(133,8),(133,1),(134,12),(135,12),(136,12),(136,1),(137,14),(137,1),(137,10),(137,3),(137,20),(137,5),(138,1),(138,10),(138,3),(138,33),(138,5),(139,8),(139,1),(140,8),(140,1),(141,8),(141,1),(141,12),(141,2),(142,1),(142,12),(142,33),(142,2),(143,16),(144,1),(144,8),(145,1),(146,1),(147,1),(148,2),(148,1),(149,12),(149,2),(149,1),(150,1),(151,1),(152,1),(152,8),(152,30),(152,2),(153,8),(153,1),(153,2),(154,1),(154,37),(154,38),(154,8),(154,39),(155,1),(155,38),(156,37),(157,9),(157,8),(157,16),(157,1),(157,19),(158,1),(158,16),(159,1),(160,1),(161,23),(161,8),(161,1),(161,25),(162,1),(163,1),(163,37),(164,37),(165,22),(165,40),(165,41),(165,20),(166,8),(166,9),(167,8),(167,9),(168,8),(168,9),(169,1),(170,1),(171,9),(172,1),(173,8),(173,9),(174,1),(175,8),(175,1),(175,9),(175,7),(176,42),(176,43),(176,34),(176,44),(176,45),(176,46),(176,47),(176,17),(176,48),(177,16),(178,9),(178,11),(178,18),(179,9),(180,9),(180,8),(180,1),(181,1),(182,9),(183,8),(183,1),(184,8),(184,9),(184,11),(185,9),(185,11),(185,42),(185,44),(186,11),(186,18),(186,9),(186,8),(187,2),(187,1),(187,12),(187,8),(188,1),(188,37),(188,38),(189,8),(189,1),(189,10),(189,12),(189,3),(189,33),(189,20),(189,5),(190,13),(190,1),(190,10),(190,30),(190,2),(190,5),(190,12),(190,33),(190,8),(191,9),(191,11),(191,18),(191,1),(191,8),(191,7),(192,34),(192,17),(192,9),(192,11),(192,18),(192,45),(193,8),(193,9),(194,1),(195,11),(195,42),(195,18),(195,34),(195,9),(195,46),(196,1),(197,9),(198,9),(199,34),(199,8),(200,11),(200,18),(200,9),(200,40),(200,8),(200,45),(200,49),(200,42),(200,34),(200,46),(200,1),(200,50),(201,47),(201,43),(201,34),(201,8),(201,42),(201,46),(202,9),(202,8),(202,1),(203,1),(203,12),(203,2),(204,9),(205,11),(205,18),(205,34),(205,8),(205,9),(206,1),(207,8),(207,9),(207,1),(207,7),(208,9),(208,11),(209,1),(210,1),(210,10),(210,12),(210,3),(210,33),(210,20),(210,5),(211,1),(211,2),(212,3),(212,5),(212,7),(212,8),(212,1),(213,14),(214,8),(214,1),(215,1),(215,8),(216,1),(216,7),(216,8),(217,10),(218,39),(218,1),(218,51),(218,12),(219,9),(219,8),(219,16),(220,9),(220,1),(220,8),(221,8),(221,9),(221,1),(221,32),(222,9),(222,1),(223,1),(223,8),(223,12),(223,2),(223,30),(224,1),(224,8),(224,13),(224,10),(224,30),(224,12),(224,2),(224,33),(225,8),(225,1),(225,30),(225,12),(225,10),(225,13),(225,33),(225,20),(226,1),(226,8),(227,8),(227,1),(228,8),(228,1),(229,8),(229,1),(230,1),(230,8),(231,1),(231,12),(231,7),(231,8),(232,1),(232,7),(232,8),(233,1),(233,2),(233,5),(233,3),(233,8),(233,7),(234,1),(235,8),(235,1),(236,8),(236,1),(236,32),(236,16),(236,10),(236,14),(236,33),(236,52),(237,7),(237,8),(237,1),(238,32),(238,8),(238,1),(238,16),(239,8),(239,1),(240,1),(240,8),(241,1),(241,2),(242,1),(243,1),(243,39),(243,16),(243,14),(244,5),(244,1),(244,3),(245,1),(246,8),(246,1),(247,5),(247,1),(247,3),(247,8),(247,7),(248,11),(248,18),(248,40),(248,8),(248,9),(248,21),(248,22),(248,53),(248,54),(248,55),(248,31),(249,1),(250,2),(250,1),(251,9),(251,11),(251,42),(251,18),(251,54),(251,21),(251,22),(252,1),(253,9),(253,1),(253,8),(254,1),(254,2),(255,1),(256,1),(257,1),(258,1),(259,1),(260,8),(260,1),(260,14),(260,10),(260,3),(260,20),(260,5),(261,1),(262,1),(263,1),(263,8),(263,38),(264,1),(265,8),(265,1),(266,1),(267,1),(268,14),(269,14),(270,1),(271,1),(272,1),(272,12),(272,39),(273,8),(273,1),(274,8),(274,1),(275,1),(275,12),(275,2);
/*!40000 ALTER TABLE `association_game_platform` ENABLE KEYS */;
UNLOCK TABLES;

--
-- Table structure for table `companies`
--

DROP TABLE IF EXISTS `companies`;
/*!40101 SET @saved_cs_client     = @@character_set_client */;
/*!40101 SET character_set_client = utf8 */;
CREATE TABLE `companies` (
  `company_id` int(11) NOT NULL,
  `name` varchar(50) DEFAULT NULL,
  `num_developed` int(11) DEFAULT NULL,
  `num_published` int(11) DEFAULT NULL,
  `image_url` varchar(255) DEFAULT NULL,
  `avg_rating` float DEFAULT NULL,
  `year_founded` int(11) DEFAULT NULL,
  PRIMARY KEY (`company_id`),
  UNIQUE KEY `name` (`name`),
  KEY `year_founded` (`year_founded`),
  CONSTRAINT `companies_ibfk_1` FOREIGN KEY (`year_founded`) REFERENCES `years` (`year_id`)
) ENGINE=InnoDB DEFAULT CHARSET=latin1;
/*!40101 SET character_set_client = @saved_cs_client */;

--
-- Dumping data for table `companies`
--

LOCK TABLES `companies` WRITE;
/*!40000 ALTER TABLE `companies` DISABLE KEYS */;
INSERT INTO `companies` VALUES (1,'Electronic Arts',0,52,'https://res.cloudinary.com/igdb/image/upload/t_thumb/i9s3h5sqtvzisfwik1za.png',7.77482,1982),(2,'BioWare',17,0,'https://res.cloudinary.com/igdb/image/upload/t_thumb/kxhml6iozkzgm2ewt0lo.png',8.59907,1995),(3,'Looking Glass Studios',5,1,'https://res.cloudinary.com/igdb/image/upload/t_thumb/a8jgm46jckpac7fi2rbc.png',8.7611,1990),(4,'Eidos Interactive',0,8,'https://res.cloudinary.com/igdb/image/upload/t_thumb/vrwhlkcmxvr7sqmu86nw.png',7.9823,1990),(5,'Interplay Entertainment',1,13,NULL,8.31152,NULL),(8,'2K Games',0,7,'https://res.cloudinary.com/igdb/image/upload/t_thumb/dvjspyvdishtdwdkabu6.png',8.2025,2005),(9,'Lucasfilm Games',20,11,'https://res.cloudinary.com/igdb/image/upload/t_thumb/txscsqmcle1wbscotqqz.png',8.97501,1982),(10,'LucasArts Entertainment',29,63,'https://res.cloudinary.com/igdb/image/upload/t_thumb/ktmvlzpc7quw9rjui0qq.png',8.19483,1982),(11,'EA Redwood Shores',2,0,NULL,6.98251,1998),(12,'Black Isle Studios',3,4,'https://res.cloudinary.com/igdb/image/upload/t_thumb/veezgocmhiauoqbkfita.png',8.583,1996),(13,'Demiurge Studios',2,0,NULL,8.65039,NULL),(14,'Bullfrog Productions',6,0,'https://res.cloudinary.com/igdb/image/upload/t_thumb/txwarwunab3jqi4gywf5.png',8.46489,1987),(15,'2K Marin',2,0,NULL,8.13296,2007),(17,'Digital Extremes',4,0,NULL,8.19732,1993),(18,'2K China',1,0,NULL,8.54888,2006),(20,'Darkside Game Studios',1,0,NULL,8.31953,NULL),(21,'Irrational Games',3,0,'https://res.cloudinary.com/igdb/image/upload/t_thumb/jkyv92av2ukweagfhrru.png',8.78419,1997),(23,'Feral Interactive',2,3,'https://res.cloudinary.com/igdb/image/upload/t_thumb/o2raxchz5yerxkprnqwt.png',8.17129,1996),(24,'Sierra Entertainment',3,12,'https://res.cloudinary.com/igdb/image/upload/t_thumb/qabsh3mdevjsww3erojx.png',8.20005,1979),(25,'Ion Storm',3,0,'https://res.cloudinary.com/igdb/image/upload/t_thumb/vqdxeyvap5jqc06zhi9v.png',8.53214,1996),(26,'Square Enix',0,7,'https://res.cloudinary.com/igdb/image/upload/t_thumb/yqsot4fytthxblnyvcia.png',8.13356,2003),(27,'Eidos Montreal',2,0,NULL,6.88827,NULL),(28,'Bethesda Softworks',2,10,'https://res.cloudinary.com/igdb/image/upload/t_thumb/dcjztyaeikmvfsx4fl0x.png',7.93639,1986),(29,'Rockstar Games',0,3,'https://res.cloudinary.com/igdb/image/upload/t_thumb/wcqgg7udjjtzxjsqfnfi.png',8.11185,NULL),(30,'Team Bondi',1,0,NULL,8.21077,NULL),(32,'Sierra On-Line',2,2,'https://res.cloudinary.com/igdb/image/upload/t_thumb/uxfqztrskzikck1d5uza.png',8.42722,1979),(36,'Frictional Games',1,1,'https://res.cloudinary.com/igdb/image/upload/t_thumb/x4y8gpo8t4pvvscpaquz.png',8.00666,2006),(37,'Capcom',5,7,'https://res.cloudinary.com/igdb/image/upload/t_thumb/hcbqwbhbmrabsfk600zs.png',7.9964,1979),(38,'Ubisoft Montreal',3,0,'https://res.cloudinary.com/igdb/image/upload/t_thumb/dvqeaot5f8a9n2zvetiw.png',7.84378,1997),(39,'Ubisoft Annecy',1,0,NULL,7.96632,NULL),(41,'Riot Games',1,1,NULL,7.03399,2006),(42,'Tencent Holdings Ltd',0,1,NULL,6.2817,NULL),(44,'Team Ico',1,0,'https://res.cloudinary.com/igdb/image/upload/t_thumb/hgxhc8zsrphmm5ayqt7l.png',8.91283,1997),(45,'Sony Computer Entertainment',0,2,NULL,8.17997,NULL),(47,'Obsidian Entertainment',3,0,'https://res.cloudinary.com/igdb/image/upload/t_thumb/mjnzr4cwxvnxkjj1srwv.png',8.13462,2003),(48,'NetherRealm Studios',1,0,'https://res.cloudinary.com/igdb/image/upload/t_thumb/dczduv3tefhmb7nqrqax.png',8.4648,2010),(50,'Warner Bros. Interactive Entertainment',0,1,'https://res.cloudinary.com/igdb/image/upload/t_thumb/escw600i7w2whbmpggez.png',8.0195,1993),(51,'Blizzard Entertainment',11,14,'https://res.cloudinary.com/igdb/image/upload/t_thumb/l9xwk37ap6xzjp4imoyh.png',8.60277,1994),(52,'LTI Gray Matter',1,0,NULL,7.94932,NULL),(53,'Microsoft Game Studios',0,4,'https://res.cloudinary.com/igdb/image/upload/t_thumb/nh9edxcticwfk9n8keht.png',7.76965,2002),(54,'TransGaming Technologies',0,1,NULL,8.16482,NULL),(55,'Turtle Rock Studios',2,0,'https://res.cloudinary.com/igdb/image/upload/t_thumb/bgjyl9vzlpgmd1awcdzn.png',7.65527,2002),(56,'Valve Corporation',9,8,'https://res.cloudinary.com/igdb/image/upload/t_thumb/npiqdrnewkgshegnkca4.png',8.01003,1996),(57,'Certain Affinity',1,0,NULL,7.45183,NULL),(58,'Mojang AB',1,1,'https://res.cloudinary.com/igdb/image/upload/t_thumb/vewa4pfeszo8e9jncwex.png',8.17109,2009),(59,'Blizzard North',3,0,NULL,8.62902,NULL),(60,'Climax Group',1,0,NULL,8.43718,NULL),(63,'Pandemic Studios',2,0,'https://res.cloudinary.com/igdb/image/upload/t_thumb/ziqycyajcrnqh8hyibmk.png',7.46693,1998),(64,'Savage Entertainment',1,0,'https://res.cloudinary.com/igdb/image/upload/t_thumb/eggcvvvqzxnymtkxfim8.png',7.96036,1997),(65,'Luxoflux',1,0,NULL,6.09145,NULL),(66,'Activision',0,13,'https://res.cloudinary.com/igdb/image/upload/t_thumb/i7pmwdmzp21xrceoqmlc.png',7.70154,1979),(67,'Petroglyph Games',2,0,'https://res.cloudinary.com/igdb/image/upload/t_thumb/ea5gwyejums1pfrqmcyc.png',7.59294,2003),(68,'Ensemble Studios',1,0,'https://res.cloudinary.com/igdb/image/upload/t_thumb/ac9x4xs8sqixqw1lqr5m.png',8.29889,1995),(69,'Big Ape Productions',1,0,NULL,7.0506,NULL),(70,'Nintendo',0,2,'https://res.cloudinary.com/igdb/image/upload/t_thumb/u8wz0wrq0qctizzm66mj.png',8.18873,NULL),(71,'Raven Software',2,0,'https://res.cloudinary.com/igdb/image/upload/t_thumb/nfdwrfcz3jjgkcpkt8oy.png',7.4441,1990),(72,'Vicarious Visions',2,0,'https://res.cloudinary.com/igdb/image/upload/t_thumb/czenyihz4ctoe9uywnwv.png',7.57992,1990),(73,'Aspyr Media',4,12,'https://res.cloudinary.com/igdb/image/upload/t_thumb/pobzcae4758zn2bz3yy1.png',7.98256,1996),(74,'CyberFront',0,3,NULL,7.70836,NULL),(75,'Factor 5',3,0,NULL,8.15551,NULL),(76,'Ronin Entertainment',1,0,NULL,NULL,NULL),(77,'Totally Games',9,0,'https://res.cloudinary.com/igdb/image/upload/t_thumb/ayhtgh53j9c8lz3d4rfj.png',8.70482,1993),(78,'Snowblind Studios',1,0,NULL,7.00207,NULL),(79,'Magic Pockets',1,0,NULL,8.39624,NULL),(80,'Vivendi Games',0,1,NULL,8.12744,NULL),(81,'Destination Software',0,1,NULL,7.50608,NULL),(82,'Atari',0,9,NULL,7.86413,1972),(84,'CTO SpA',0,1,NULL,NULL,NULL),(85,'Double Fine Productions',1,0,'https://res.cloudinary.com/igdb/image/upload/t_thumb/hjsys1q3bchmhx4bj3de.png',7.43007,2000),(87,'Mythic Entertainment',1,0,NULL,NULL,NULL),(88,'Shiny Entertainment',1,0,'https://res.cloudinary.com/igdb/image/upload/t_thumb/e9i7xoikzpavnslrloig.png',7.55715,1993),(89,'Shokwave',1,0,NULL,8.43924,NULL),(90,'Neversoft',1,0,'https://res.cloudinary.com/igdb/image/upload/t_thumb/cuysbuhpfd5dhl5pnrjq.png',7.50985,1994),(91,'Playmates Interactive Entertainment',0,1,NULL,8.33344,NULL),(94,'EA Digital Illusions CE',2,0,'https://res.cloudinary.com/igdb/image/upload/t_thumb/srtuszl5jkb0ykhzyt6l.png',7.73645,2006),(95,'Disney Interactive',0,1,NULL,5.76006,NULL),(104,'Ubisoft Entertainment',0,7,'https://res.cloudinary.com/igdb/image/upload/t_thumb/sv4ikl1a8k7gpatgcba8.png',7.83522,1986),(106,'Loki Software',1,0,NULL,8.16702,NULL),(112,'Sega',0,2,'https://res.cloudinary.com/igdb/image/upload/t_thumb/hbil3xrhnp8fdust2juk.png',7.80446,NULL),(113,'Westwood Studios',3,1,'https://res.cloudinary.com/igdb/image/upload/t_thumb/ipmapbk4w62shfswq8ns.png',8.06143,1985),(115,'Codemasters',0,5,'https://res.cloudinary.com/igdb/image/upload/t_thumb/lttald9cqqaxyucctqf1.png',7.65111,1986),(117,'Troika Games',2,0,'https://res.cloudinary.com/igdb/image/upload/t_thumb/etgjcxonkgsyxgivzdlm.png',8.26808,1998),(120,'MacPlay',0,1,NULL,8.15417,NULL),(126,'Bethesda Game Studios',7,0,'https://res.cloudinary.com/igdb/image/upload/t_thumb/zoq5fmhbkbvs2qkb76kj.png',8.2393,2001),(127,'Funcom Productions',1,1,NULL,NULL,NULL),(128,'Microsoft',0,1,'https://res.cloudinary.com/igdb/image/upload/t_thumb/turtcfbxl1ounask0dfp.png',7.97381,1975),(130,'MacSoft Games',0,5,NULL,8.59718,NULL),(136,'Planet Moon Studios',2,0,'https://res.cloudinary.com/igdb/image/upload/t_thumb/lmta4xyzpzajlmchlkbb.png',8.59683,1997),(139,'Take-Two Interactive',0,9,'https://res.cloudinary.com/igdb/image/upload/t_thumb/aqtxrprtkcftl7m8yn0t.png',8.09379,1993),(141,'Virgin Interactive',0,6,'https://res.cloudinary.com/igdb/image/upload/t_thumb/bjbq0xkgecruufukppw3.png',8.07678,1981),(142,'Westwood Pacific',1,0,NULL,8.19921,NULL),(143,'EA Games',0,2,NULL,7.9962,1982),(144,'GSC Game World',1,1,'https://res.cloudinary.com/igdb/image/upload/t_thumb/zkjlo1aybe56dpxauqox.png',7.50414,1995),(145,'cdv Software Entertainment',0,1,'https://res.cloudinary.com/igdb/image/upload/t_thumb/ajf3ddgyhezgyeb4g4lr.png',7.41927,1989),(146,'Strategy First',0,1,NULL,8.30715,NULL),(147,'Vivendi Universal',0,1,NULL,8.15917,NULL),(148,'Gearbox Software',2,0,'https://res.cloudinary.com/igdb/image/upload/t_thumb/kcalo6ede5dc8bl4dnqf.png',7.53698,1999),(151,'Simtex',2,0,'https://res.cloudinary.com/igdb/image/upload/t_thumb/zublxs0pegxwhwx0lutp.png',8.53394,1988),(152,'MicroProse',4,6,'https://res.cloudinary.com/igdb/image/upload/t_thumb/xlo4ksodzjalrer20aki.png',8.45375,1982),(157,'1C Company',0,2,'https://res.cloudinary.com/igdb/image/upload/t_thumb/bdkcmdv9rujnqrumonqt.png',8.27151,1991),(163,'Climax Studios',3,0,NULL,7.46443,NULL),(168,'Epic Games',1,0,'https://res.cloudinary.com/igdb/image/upload/t_thumb/yxe9xcbiaxgdtuvs6yda.png',8.06876,NULL),(173,'The Omni Group',1,0,NULL,8.16055,NULL),(174,'Digital Mayhem',1,0,NULL,NULL,NULL),(178,'Intelligent Games',2,0,NULL,7.85993,NULL),(179,'Activision Blizzard',0,1,'https://res.cloudinary.com/igdb/image/upload/t_thumb/ss6bi7081my4mzebjkzb.png',7.72892,2008),(180,'Mythos Games',2,0,'https://res.cloudinary.com/igdb/image/upload/t_thumb/m5gri39zq7tjnila2mam.png',9.10062,1988),(182,'Nihilistic Software',1,0,'https://res.cloudinary.com/igdb/image/upload/t_thumb/fcnuhscl5zhfrh4cnowq.png',8.48235,1998),(183,'Hasbro Interactive',0,2,NULL,8.36641,NULL),(193,'Jellyvision',1,0,NULL,NULL,NULL),(194,'Hothouse Creations',1,0,NULL,NULL,NULL),(195,'Brøderbund Software',1,3,NULL,8.6035,1980),(196,'Relic Entertainment',1,0,NULL,7.82013,NULL),(197,'THQ',0,4,'https://res.cloudinary.com/igdb/image/upload/t_thumb/qey7txim2mgkrwdmgefo.png',7.68523,1989),(200,'Electronic Arts Victor',0,3,NULL,8.18015,NULL),(201,'Cyberlore Studios',1,0,NULL,7.89619,1992),(202,'Pterodon',1,0,NULL,7.59289,NULL),(203,'Illusion Softworks',4,0,'https://res.cloudinary.com/igdb/image/upload/t_thumb/xk5ck2a8c82ebknk16ce.png',8.23705,1997),(204,'Gathering of Developers',0,6,NULL,8.06654,NULL),(205,'GT Interactive',0,2,NULL,8.27287,NULL),(206,'Epic MegaGames',1,0,NULL,8.06678,NULL),(207,'PopTop Software',1,0,NULL,NULL,NULL),(208,'Frontier Developments',2,0,'https://res.cloudinary.com/igdb/image/upload/t_thumb/zygw5xn9bqkvamrfj9pm.png',8.09117,1994),(210,'Southlogic Studios',3,0,NULL,NULL,NULL),(212,'Sunstorm Interactive',8,0,'https://res.cloudinary.com/igdb/image/upload/t_thumb/g03npx9zt0knrhd3povq.png',7.6311,1995),(213,'Infogrames',0,2,NULL,8.54602,NULL),(214,'Sylum Entertainment',2,0,NULL,NULL,NULL),(215,'WizardWorks Software',0,7,'https://res.cloudinary.com/igdb/image/upload/t_thumb/p4ekugnbk7o7lnz7zdrw.png',7.0846,1990),(216,'Glu Mobile',2,2,NULL,NULL,NULL),(217,'Morning Star Multimedia',1,0,NULL,6.9582,NULL),(218,'Vatical Entertainment',0,1,NULL,NULL,NULL),(222,'BioWare Edmonton',8,0,NULL,8.77841,1995),(223,'Edge of Reality',2,0,NULL,8.3688,NULL),(224,'3D Realms',0,2,'https://res.cloudinary.com/igdb/image/upload/t_thumb/wly0ymwvs1sgwynddvao.png',8.14094,1987),(227,'U.S. Gold',0,3,NULL,8.2585,NULL),(234,'Cryo Interactive',1,1,'https://res.cloudinary.com/igdb/image/upload/t_thumb/vqrxjoybi074egda8uew.png',7.34898,1992),(236,'DreamCatcher Interactive',0,1,NULL,6.80965,NULL),(243,'Sony Online Entertainment',4,1,'https://res.cloudinary.com/igdb/image/upload/t_thumb/ku37ru9kvmxubzis0xy3.png',7.70087,1995),(244,'Edusoft',0,1,NULL,8.91968,NULL),(245,'ZeniMax Media',0,2,'https://res.cloudinary.com/igdb/image/upload/t_thumb/yvuxggfpvcls12pmybdj.png',8.77241,1999),(246,'Micro Forté',1,0,NULL,6.98015,NULL),(247,'14 Degrees East',0,1,NULL,6.98015,NULL),(248,'Bandai Namco Entertainment',0,1,'https://res.cloudinary.com/igdb/image/upload/t_thumb/m3mj346jzlrjwhtdven7.png',8.11443,1955),(251,'Sunsoft',0,1,NULL,8.13555,NULL),(252,'Square Electronic Arts',0,1,NULL,8.67784,NULL),(254,'Widescreen Games',1,0,NULL,NULL,NULL),(255,'ArenaNet',1,0,NULL,8.13265,NULL),(256,'NCsoft',0,1,NULL,7.59106,NULL),(267,'TalonSoft',0,1,NULL,8.49675,NULL),(268,'Global Star Software',0,1,NULL,7.90298,NULL),(272,'Madlab Software',1,0,NULL,NULL,NULL),(273,'Sir-tech Software',1,2,'https://res.cloudinary.com/igdb/image/upload/t_thumb/jix0s0vrgnsaprvfk1fe.png',NULL,1980),(274,'Sir-Tech Canada',1,0,'https://res.cloudinary.com/igdb/image/upload/t_thumb/zcxyx96wotsywe9trmkx.png',8.99596,1994),(275,'Titan Computer',0,1,NULL,8.49221,NULL),(276,'EA UK',1,0,NULL,7.15208,NULL),(277,'EA Canada',5,0,'https://res.cloudinary.com/igdb/image/upload/t_thumb/vi1xxnhx7icyzdyu1zxj.png',7.91489,1983),(279,'4J Studios',4,0,NULL,8.31258,NULL),(280,'Starbreeze Studios',1,0,'https://res.cloudinary.com/igdb/image/upload/t_thumb/jdgtcdcuxcevtgkfh6pa.png',7.94398,2002),(281,'Tigon Studios',1,0,NULL,8.2749,NULL),(283,'The Sims Studio',1,0,NULL,7.17053,NULL),(284,'Maxis',5,0,'https://res.cloudinary.com/igdb/image/upload/t_thumb/lma0xvpg423mn2wvanmk.png',8.00438,1987),(285,'Tiertex Design Studios',2,0,'https://res.cloudinary.com/igdb/image/upload/t_thumb/qcrfu8lioud6awid2j3n.png',8.82519,1987),(287,'Acclaim Entertainment',0,2,'https://res.cloudinary.com/igdb/image/upload/t_thumb/qfyuxpskaackdzgnneal.png',7.51238,1987),(292,'Traveller\'s Tales',3,0,'https://res.cloudinary.com/igdb/image/upload/t_thumb/bxkln0gdjqurmxvis5o7.png',7.6643,1989),(293,'TT Games',0,1,'https://res.cloudinary.com/igdb/image/upload/t_thumb/aibk731orx6wlmhswzjs.png',7.97613,2005),(294,'Telltale Games',1,0,'https://res.cloudinary.com/igdb/image/upload/t_thumb/fpekzucfels9b19s3yr8.png',7.97286,2004),(295,'Origin Systems',0,1,'https://res.cloudinary.com/igdb/image/upload/t_thumb/u51dtswvwzsbnabajtoy.png',8.28428,1983),(301,'2K Czech',1,0,NULL,8.2468,NULL),(302,'Massive Bear Studios',1,0,NULL,8.2468,NULL),(303,'Jaleco',0,1,NULL,8.02791,NULL),(304,'Quicksilver Software',1,0,NULL,NULL,NULL),(305,'Remedy Entertainment',2,0,'https://res.cloudinary.com/igdb/image/upload/t_thumb/qqbd3o5tjgcmgu6yazkj.png',8.61242,1995),(306,'Rockstar Toronto',1,0,'https://res.cloudinary.com/igdb/image/upload/t_thumb/ct4fk4ppzrnkdkjlyl67.png',8.09211,2002),(307,'Rockstar Vienna',1,0,'https://res.cloudinary.com/igdb/image/upload/t_thumb/fdow1kx8atd9kwsryhjs.png',8.7627,1993),(308,'Rockstar Leeds',1,0,'https://res.cloudinary.com/igdb/image/upload/t_thumb/ydn1cmwzsdp3lpipqbld.png',7.8117,2004),(316,'Sierra',3,4,NULL,NULL,NULL),(317,'Dynamix',1,0,'https://res.cloudinary.com/igdb/image/upload/t_thumb/zdizcpobh3xsewdewshs.png',NULL,1984),(326,'Cyan Worlds',2,0,'https://res.cloudinary.com/igdb/image/upload/t_thumb/nacimaha2qogcbb9k5yd.png',8.41119,1987),(327,'Midway Games',0,1,NULL,7.40871,NULL),(328,'Mean Hamster Software',0,1,NULL,8.0994,NULL),(331,'Triumph Studios',3,0,'https://res.cloudinary.com/igdb/image/upload/t_thumb/fazbsu0s9rhfw6ufonhh.png',7.60421,1997),(332,'EA Black Box',7,0,'https://res.cloudinary.com/igdb/image/upload/t_thumb/htkkreqvb7wyxz9ionrx.png',7.81219,1998),(333,'EA Singapore',1,0,NULL,NULL,NULL),(339,'The Assembly Line',1,0,NULL,NULL,NULL),(340,'Empire Interactive',0,1,'https://res.cloudinary.com/igdb/image/upload/t_thumb/yilirud08izy13sf2g0q.png',8.04622,1987),(341,'Bullet-Proof Software',0,2,NULL,8.7208,NULL),(343,'Kronos Digital Entertainment',1,0,'https://res.cloudinary.com/igdb/image/upload/t_thumb/mdf8uusa0mrcftu6w1vw.png',8.60876,1992),(347,'Criterion Games',1,0,'https://res.cloudinary.com/igdb/image/upload/t_thumb/gdmwtbmabnwf6ajcssci.png',7.71988,1993),(348,'Exient Entertainment',4,0,'https://res.cloudinary.com/igdb/image/upload/t_thumb/ipyngvp6qquavvjhq2c4.png',7.54768,NULL),(349,'Black Box Games',1,0,NULL,7.00928,NULL),(350,'EA Seattle',1,0,NULL,7.00928,NULL),(351,'EA Montreal',1,0,NULL,6.18408,NULL),(353,'Pocketeers',1,0,NULL,9.2804,NULL),(354,'DSI Games',0,1,NULL,8.67275,NULL),(355,'Zoo Digital',0,1,'https://res.cloudinary.com/igdb/image/upload/t_thumb/pwjk5evh9lydfsgxfgee.png',7.48997,1999),(356,'Slightly Mad Studios',1,0,NULL,7.78194,NULL),(357,'Firebrand Games',2,0,NULL,7.4328,NULL),(360,'Logicware',1,1,'https://res.cloudinary.com/igdb/image/upload/t_thumb/tlhlbszfdhqncjnlijz8.png',8.83523,1995),(365,'Rockstar North',1,0,'https://res.cloudinary.com/igdb/image/upload/t_thumb/dltzbeb41jazocfpov9a.png',8.3564,2002),(366,'Epyx',0,1,NULL,NULL,NULL),(378,'Westlake Interactive',3,0,NULL,8.3808,NULL),(385,'Krome Studios',1,0,'https://res.cloudinary.com/igdb/image/upload/t_thumb/rprnfhk8wat8vdlodh6k.png',7.2471,1999),(386,'Lucasfilm Animation Singapore',1,0,NULL,NULL,NULL),(391,'Red Fly Studio',1,0,NULL,5.8003,NULL),(392,'High Voltage Software',1,0,NULL,7.69434,NULL),(449,'D3 Publisher',0,1,NULL,8.16512,NULL),(498,'Pyro Studios',1,0,'https://res.cloudinary.com/igdb/image/upload/t_thumb/d2hog6s3bwuau0sx2jrj.png',8.21645,1996),(560,'Legend Entertainment',1,1,NULL,7.89932,NULL),(649,'2K Boston',1,0,NULL,8.92138,NULL),(651,'Sourcenext',0,1,NULL,8.54477,NULL),(690,'Torus Games',1,0,'https://res.cloudinary.com/igdb/image/upload/t_thumb/frw7lwrognbjxijugamc.png',8.7298,1994),(896,'Ubisoft Quebec',1,0,NULL,7.37109,NULL),(908,'CD Projekt RED',1,1,'https://res.cloudinary.com/igdb/image/upload/t_thumb/kiidkyvhass01fgizf4g.png',9.24858,2002),(1010,'Microsoft Studios',0,1,'https://res.cloudinary.com/igdb/image/upload/t_thumb/bu9r3zhigouwaywz5mqc.png',8.17357,2011),(1044,'Spectrum HoloByte, Inc.',0,1,'https://res.cloudinary.com/igdb/image/upload/t_thumb/a2ijhhzegjlsticpjy6g.png',9.0762,1983),(1053,'Spike',0,4,'https://res.cloudinary.com/igdb/image/upload/t_thumb/zt7s7zlxujvqe5h0nixd.png',7.3173,1991),(1290,'TT Fusion',2,0,NULL,7.77847,2005),(1475,'Infogrames Entertainment',0,1,NULL,9.0384,NULL),(1494,'GOA Games Services Ltd.',0,1,NULL,7.03399,NULL),(1733,'Mobius Entertainment',1,0,'https://res.cloudinary.com/igdb/image/upload/t_thumb/zr2ktilt7hrt3nxgc4w2.png',9.18538,1997),(1764,'Big Bang',1,0,NULL,8.38983,NULL),(1882,'Interplay',0,1,NULL,7.91502,NULL),(2053,'Eden Games',1,0,'https://res.cloudinary.com/igdb/image/upload/t_thumb/v7hmhtlczukg2rjofzsy.png',7.51622,2015),(2134,'War Drum Studios',1,0,'https://res.cloudinary.com/igdb/image/upload/t_thumb/rfrbqfvqzlbog1d2otjn.png',9.18538,2007),(2380,'JVC Musical Industries',0,1,NULL,8.95904,NULL),(2493,'1C/Cenega',0,1,NULL,8.90042,NULL),(3190,'neo Software',1,0,'https://res.cloudinary.com/igdb/image/upload/t_thumb/sfx8jvhqmwfsdfp9owua.png',9.18538,1993),(3845,'BioWare Austin',1,0,NULL,8.26901,2006),(3956,'IronMonkey Studios',1,0,'https://res.cloudinary.com/igdb/image/upload/t_thumb/n3kssdsjppfil0et83y3.png',7.20133,NULL),(4090,'Havas Interactive',0,1,NULL,8.53047,NULL),(5042,'Infini Entertainment Technology',1,0,NULL,8.60876,NULL),(5057,'Pacific Century CyberWorks',0,1,NULL,8.01216,NULL),(5071,'Beamdog',1,0,NULL,8.08791,NULL),(5833,'Outrigger Koubou',0,1,NULL,8.60876,NULL),(6000,'Kixx',0,1,NULL,NULL,NULL);
/*!40000 ALTER TABLE `companies` ENABLE KEYS */;
UNLOCK TABLES;

--
-- Table structure for table `games`
--

DROP TABLE IF EXISTS `games`;
/*!40101 SET @saved_cs_client     = @@character_set_client */;
/*!40101 SET character_set_client = utf8 */;
CREATE TABLE `games` (
  `game_id` int(11) NOT NULL,
  `name` varchar(50) DEFAULT NULL,
  `image_url` varchar(255) DEFAULT NULL,
  `rating` float DEFAULT NULL,
  `release_year` int(11) DEFAULT NULL,
  PRIMARY KEY (`game_id`),
  KEY `release_year` (`release_year`),
  CONSTRAINT `games_ibfk_1` FOREIGN KEY (`release_year`) REFERENCES `years` (`year_id`)
) ENGINE=InnoDB DEFAULT CHARSET=latin1;
/*!40101 SET character_set_client = @saved_cs_client */;

--
-- Dumping data for table `games`
--

LOCK TABLES `games` WRITE;
/*!40000 ALTER TABLE `games` DISABLE KEYS */;
INSERT INTO `games` VALUES (1,'Thief II: The Metal Age','https://res.cloudinary.com/igdb/image/upload/t_cover_small/qagoforxr6tofvpmgy9g.png',9.13119,2000),(2,'Thief: The Dark Project','https://res.cloudinary.com/igdb/image/upload/t_cover_small/jqiiiczxpfgkeljeexcp.png',8.39062,1998),(3,'Thief: Deadly Shadows','https://res.cloudinary.com/igdb/image/upload/t_cover_small/xic4cx1tchgjfnerb8ch.png',8.04215,2004),(4,'Thief','https://res.cloudinary.com/igdb/image/upload/t_cover_small/xlmqqfo3l2qco2qmxmel.png',7.18466,2014),(5,'Baldur\'s Gate','https://res.cloudinary.com/igdb/image/upload/t_cover_small/g9amxxij6c6lxfpds6e7.png',9.08527,1998),(6,'Baldur\'s Gate II: Shadows Of Amn','https://res.cloudinary.com/igdb/image/upload/t_cover_small/ffiyjlvw9rvkozr8pmhb.png',9.37383,2000),(7,'Jagged Alliance','https://res.cloudinary.com/igdb/image/upload/t_cover_small/dwovjbfacbjx7fr1gtut.png',NULL,1994),(8,'Jagged Alliance: Deadly Games','https://res.cloudinary.com/igdb/image/upload/t_cover_small/ig5jby3fwlhd2sedpnto.png',NULL,1995),(9,'Jagged Alliance 2','https://res.cloudinary.com/igdb/image/upload/t_cover_small/rux1hvhv5gwyqe8sizjb.png',8.99596,1999),(10,'Jade Empire: Special Edition','https://res.cloudinary.com/igdb/image/upload/t_cover_small/nvxuxjd5dyd51utliwth.png',8.85779,2005),(11,'Vampire: The Masquerade - Bloodlines','https://res.cloudinary.com/igdb/image/upload/t_cover_small/kh5qruqeea8zeiq9phiw.png',9.06733,2004),(12,'Vampire: The Masquerade - Redemption','https://res.cloudinary.com/igdb/image/upload/t_cover_small/pv3lwzul5sj5eskpzgrg.png',8.48235,2000),(13,'Fallout','https://res.cloudinary.com/igdb/image/upload/t_cover_small/tck7ssxxv3y4mdvq1g1z.png',8.91968,1997),(14,'Fallout 2','https://res.cloudinary.com/igdb/image/upload/t_cover_small/nyziarcp7rb7ojhhibc5.png',8.97297,1998),(15,'Fallout 3','https://res.cloudinary.com/igdb/image/upload/t_cover_small/ldhvr54mlzowqkwonznf.png',8.71386,2008),(16,'Fallout: New Vegas','https://res.cloudinary.com/igdb/image/upload/t_cover_small/rkldlhsginkkabox1hk6.png',8.90042,2010),(17,'Fallout Tactics: Brotherhood Of Steel','https://res.cloudinary.com/igdb/image/upload/t_cover_small/o9rqhutejs8lfa7pex1e.png',6.98015,2001),(18,'Max Payne','https://res.cloudinary.com/igdb/image/upload/t_cover_small/sq7ctfdanqrrhuefzrxg.png',9.18538,2001),(19,'Max Payne 2: The Fall Of Max Payne','https://res.cloudinary.com/igdb/image/upload/t_cover_small/llugundhgdjnkumfdnnu.png',8.65236,2003),(20,'BioShock','https://res.cloudinary.com/igdb/image/upload/t_cover_small/dezvf1werhn0ya0wynu5.png',8.92138,2007),(21,'BioShock 2','https://res.cloudinary.com/igdb/image/upload/t_cover_small/wwydkzq1hkmqhy6qlfgl.png',8.54888,2010),(22,'System Shock 2','https://res.cloudinary.com/igdb/image/upload/t_cover_small/rm05rtgld1nuairpnkne.png',9.36646,1999),(23,'System Shock','https://res.cloudinary.com/igdb/image/upload/t_cover_small/d07qmy2sjocicneesaui.png',7.99914,1994),(24,'UFO: Enemy Unknown','https://res.cloudinary.com/igdb/image/upload/t_cover_small/cmqomqcozon9equ6rqtw.png',9.10062,1994),(25,'X-COM: Terror From The Deep','https://res.cloudinary.com/igdb/image/upload/t_cover_small/dwvgbfj94czij1ycefh9.png',8.59164,1995),(26,'X-COM: Apocalypse','https://res.cloudinary.com/igdb/image/upload/t_cover_small/oco64svvadgbvqnxz8he.png',NULL,1997),(27,'X-COM: Interceptor','https://res.cloudinary.com/igdb/image/upload/t_cover_small/iynhbgvsxyk1xtq8hrzq.png',NULL,1998),(28,'Space Quest: The Sarien Encounter','https://res.cloudinary.com/igdb/image/upload/t_cover_small/uyzcavv0ljkdlbsai9vd.png',NULL,1986),(29,'Space Quest II: Vohaul\'s Revenge','https://res.cloudinary.com/igdb/image/upload/t_cover_small/k5g0swqcm7tgulgzxvss.png',NULL,1987),(30,'Space Quest III: The Pirates Of Pestulon','https://res.cloudinary.com/igdb/image/upload/t_cover_small/qphcv1stubp0loolvh3s.png',NULL,1989),(31,'Space Quest IV: Roger Wilco And The Time Rippers','https://res.cloudinary.com/igdb/image/upload/t_cover_small/stxe2a6nj6oexs166pke.png',NULL,1991),(32,'Space Quest V: The Next Mutation','https://res.cloudinary.com/igdb/image/upload/t_cover_small/yxjqd1t3hqkugh8wlbsy.png',NULL,1993),(33,'Space Quest 6: The Spinal Frontier','https://res.cloudinary.com/igdb/image/upload/t_cover_small/mrpip4oeuvf9a1rgrtnq.png',NULL,1995),(34,'Giants: Citizen Kabuto','https://res.cloudinary.com/igdb/image/upload/t_cover_small/tiyicyvfm8ofkfnuh8vs.png',NULL,2000),(35,'Dungeon Keeper','https://res.cloudinary.com/igdb/image/upload/t_cover_small/edlub7vfxt7aa3c7wkdf.png',9.0474,1997),(36,'Dungeon Keeper 2','https://res.cloudinary.com/igdb/image/upload/t_cover_small/liwgzpprgmbdmbimpixa.png',9.20055,1999),(37,'Dead Space','https://res.cloudinary.com/igdb/image/upload/t_cover_small/u9iamyrbx8ec4bxwckbl.png',8.71693,2008),(38,'Dead Space 2','https://res.cloudinary.com/igdb/image/upload/t_cover_small/gmahdesqzhq3nyjhyicn.png',8.86099,2011),(39,'Mafia','https://res.cloudinary.com/igdb/image/upload/t_cover_small/vrg4qy4rvxsyybbkicld.png',9.54933,2002),(40,'Mafia II','https://res.cloudinary.com/igdb/image/upload/t_cover_small/lw6oaj8fersnnuqqrddy.png',8.2468,2010),(41,'Deus Ex','https://res.cloudinary.com/igdb/image/upload/t_cover_small/b4ojwekfoyv2en1xn8mq.png',9.54126,2000),(42,'Deus Ex: Invisible War','https://res.cloudinary.com/igdb/image/upload/t_cover_small/k4upkmfkrar0wrcgapvb.png',8.01301,2003),(43,'Deus Ex: Human Revolution','https://res.cloudinary.com/igdb/image/upload/t_cover_small/ziwf85wqi4jvsggamodr.png',8.51278,2011),(44,'Overlord','https://res.cloudinary.com/igdb/image/upload/t_cover_small/w1ratqzwmuej0us8d9lz.png',7.95724,2007),(45,'Overlord: Raising Hell','https://res.cloudinary.com/igdb/image/upload/t_cover_small/zlaxscdqr5of46oispfc.png',7.02673,2008),(46,'Overlord II','https://res.cloudinary.com/igdb/image/upload/t_cover_small/hmeeil9hag6wkborzhlf.png',7.82866,2009),(47,'Overlord: Dark Legend','https://res.cloudinary.com/igdb/image/upload/t_cover_small/wp6zqo26hmbi2midtm1n.png',NULL,2009),(48,'Overlord: Minions','https://res.cloudinary.com/igdb/image/upload/t_cover_small/umtxvynvbaz6ipltmyfi.png',NULL,2009),(49,'Syndicate','https://res.cloudinary.com/igdb/image/upload/t_cover_small/tb0fyrc9amqw0ckgojgi.png',8.76975,1993),(50,'Syndicate: American Revolt','https://res.cloudinary.com/igdb/image/upload/t_cover_small/jayzfqnv9acfsezgkknz.png',NULL,1993),(51,'Syndicate Wars','https://res.cloudinary.com/igdb/image/upload/t_cover_small/jik18ilxkogyurxyfave.png',NULL,1996),(52,'The Elder Scrolls: Arena','https://res.cloudinary.com/igdb/image/upload/t_cover_small/wr3iealcezlmmmpfcbt4.png',NULL,1994),(53,'The Elder Scrolls: Chapter II - Daggerfall','https://res.cloudinary.com/igdb/image/upload/t_cover_small/nkwvajtwm2hxhqumvow3.png',NULL,1996),(54,'An Elder Scrolls Legend: Battlespire','https://res.cloudinary.com/igdb/image/upload/t_cover_small/zuaqbpsnkb9mmsuyfe0a.png',NULL,1997),(55,'The Elder Scrolls Adventures: Redguard','https://res.cloudinary.com/igdb/image/upload/t_cover_small/gev9s5peq3qsgc8c8oi5.png',NULL,1998),(56,'The Elder Scrolls III: Morrowind','https://res.cloudinary.com/igdb/image/upload/t_cover_small/s6bzpvlyuwarxxrlahg0.png',8.83097,2002),(57,'The Elder Scrolls III: Tribunal','https://res.cloudinary.com/igdb/image/upload/t_cover_small/wpxczzqg4ikrvjks0mzn.png',7.81511,2002),(58,'The Elder Scrolls III: Bloodmoon','https://res.cloudinary.com/igdb/image/upload/t_cover_small/zkd8b94fmqdjiztnrbwi.png',8.31821,2003),(59,'The Elder Scrolls IV: Oblivion','https://res.cloudinary.com/igdb/image/upload/t_cover_small/ulwpvroc6l0pvouvxnhu.png',9.04767,2006),(60,'The Secret of Monkey Island','https://res.cloudinary.com/igdb/image/upload/t_cover_small/dghilxvrkalxo4cxx0st.png',8.95904,1990),(61,'Monkey Island 2: LeChuck\'s Revenge','https://res.cloudinary.com/igdb/image/upload/t_cover_small/cvogv43qzti2f9gjajgf.png',9.22523,1991),(62,'The Curse of Monkey Island','https://res.cloudinary.com/igdb/image/upload/t_cover_small/mdqmgzfixin50njs6vkr.png',8.50467,1997),(63,'Escape from Monkey Island','https://res.cloudinary.com/igdb/image/upload/t_cover_small/zfo3tat5l41lwhmcipqa.png',7.65022,2000),(64,'Tales of Monkey Island','https://res.cloudinary.com/igdb/image/upload/t_cover_small/bnvmlf5e3itfhiif3iy3.png',8.04826,2009),(65,'The Secret of Monkey Island: Special Edition','https://res.cloudinary.com/igdb/image/upload/t_cover_small/cv7ds9tcerhkimtakylo.png',8.89163,2009),(66,'Monkey Island 2 Special Edition: LeChuck’s Revenge','https://res.cloudinary.com/igdb/image/upload/t_cover_small/swfuuuzzq6fehzm0vubr.png',8.8118,2010),(67,'Master of Orion','https://res.cloudinary.com/igdb/image/upload/t_cover_small/ihdivvajmflor4qcfvl5.png',8.36102,1993),(68,'Master of Orion II: Battle at Antares','https://res.cloudinary.com/igdb/image/upload/t_cover_small/u1y5ihod8jcau7aicqrt.png',9.04761,1996),(69,'Master of Orion III','https://res.cloudinary.com/igdb/image/upload/t_cover_small/hv27sxfxrec9sgp8aaht.png',NULL,2003),(70,'Terra Nova: Strike Force Centauri','https://res.cloudinary.com/igdb/image/upload/t_cover_small/ndfzbf3xvuuchijx7v1c.png',NULL,1996),(71,'Portal','https://res.cloudinary.com/igdb/image/upload/t_cover_small/hlsitdvwt8awh56a6nbv.png',8.69369,2007),(72,'Portal 2','https://res.cloudinary.com/igdb/image/upload/t_cover_small/ngmln4lrvthomigt8yhg.png',8.99861,2011),(73,'Mass Effect','https://res.cloudinary.com/igdb/image/upload/t_cover_small/tdekeebvuh8djvrx89ds.png',9.10838,2007),(74,'Mass Effect 2','https://res.cloudinary.com/igdb/image/upload/t_cover_small/dounkrfjdfmgkb0w8pfh.png',9.09958,2010),(75,'Mass Effect 3','https://res.cloudinary.com/igdb/image/upload/t_cover_small/jusjbgw2hb80sgyltvlw.png',9.06013,2012),(76,'Dragon Age: Origins','https://res.cloudinary.com/igdb/image/upload/t_cover_small/pmsjaqypfgfnoggnpuq0.png',8.64475,2009),(77,'Dragon Age: Origins Awakening','https://res.cloudinary.com/igdb/image/upload/t_cover_small/uikydh68nuprsutbujnm.png',8.82572,2010),(78,'Dragon Age II','https://res.cloudinary.com/igdb/image/upload/t_cover_small/fgtpxfhbh8fkkoynptjk.png',7.46796,2011),(79,'Stubbs the Zombie in Rebel Without a Pulse','https://res.cloudinary.com/igdb/image/upload/t_cover_small/cxs1z0mbx9y8xgo1pgn2.png',7.14687,2005),(80,'The Witcher','https://res.cloudinary.com/igdb/image/upload/t_cover_small/rfx3zlqh0l2zmmnhmzbg.png',8.50757,2007),(81,'Baldur\'s Gate: Tales of the Sword Coast','https://res.cloudinary.com/igdb/image/upload/t_cover_small/vmpujk683n9sik6fwabn.png',8.00523,1999),(82,'Baldur\'s Gate II: Throne of Bhaal','https://res.cloudinary.com/igdb/image/upload/t_cover_small/ykmqsffrwdvalfhcqqan.png',8.61029,2001),(83,'Baldur\'s Gate: Dark Alliance','https://res.cloudinary.com/igdb/image/upload/t_cover_small/dbe85k92d8hv6zjkbrev.png',8.01216,2001),(84,'Baldur\'s Gate: Dark Alliance II','https://res.cloudinary.com/igdb/image/upload/t_cover_small/aweok6qnynyg84lottrm.png',9.00201,2004),(85,'Dune','https://res.cloudinary.com/igdb/image/upload/t_cover_small/zmcdthf8vvdymhvwmlno.png',7.34898,1992),(86,'Dune II: The Building of a Dynasty','https://res.cloudinary.com/igdb/image/upload/t_cover_small/kuoz0yboghftuc0ybruu.png',8.99796,1992),(87,'Dune 2000','https://res.cloudinary.com/igdb/image/upload/t_cover_small/baju5bwbyak7dkw9otka.png',7.85993,1998),(88,'Frank Herbert\'s Dune','https://res.cloudinary.com/igdb/image/upload/t_cover_small/fkpm4rmq9of9hwv0afvj.png',NULL,2001),(89,'Emperor: Battle for Dune','https://res.cloudinary.com/igdb/image/upload/t_cover_small/aywpwsax98911057alw2.png',NULL,2001),(90,'The Need for Speed','https://res.cloudinary.com/igdb/image/upload/t_cover_small/gsreqiarcoyh5mzcadht.png',7.35171,1995),(91,'Need for Speed II','https://res.cloudinary.com/igdb/image/upload/t_cover_small/rmmqsqomzlm1ekbwdk1w.png',7.02005,1997),(92,'Need for Speed III: Hot Pursuit','https://res.cloudinary.com/igdb/image/upload/t_cover_small/v2dmlrtbmee9gean1ncm.png',8.14068,1998),(93,'Need for Speed: High Stakes','https://res.cloudinary.com/igdb/image/upload/t_cover_small/uo9ysuzo94qrb6yhuxsg.png',6.9853,1999),(94,'Need for Speed: Porsche Unleashed','https://res.cloudinary.com/igdb/image/upload/t_cover_small/pqvucgkvbzp636himlof.png',9.2804,2000),(95,'Need for Speed: Hot Pursuit 2','https://res.cloudinary.com/igdb/image/upload/t_cover_small/nvv9rijrrddb1mciqpws.png',7.00928,2002),(96,'Need for Speed: Underground','https://res.cloudinary.com/igdb/image/upload/t_cover_small/qozkimsh1imytzc1wkss.png',8.66922,2003),(97,'Need for Speed: Underground 2','https://res.cloudinary.com/igdb/image/upload/t_cover_small/xlyuylpqyu90r0zb2fe1.png',8.3027,2004),(98,'Need for Speed: Most Wanted','https://res.cloudinary.com/igdb/image/upload/t_cover_small/dtyfs9q6rfzny3zdkmqg.png',8.48359,2005),(99,'Need for Speed: Carbon','https://res.cloudinary.com/igdb/image/upload/t_cover_small/w8giwvjn6wziijausx8j.png',7.11606,2006),(100,'Need for Speed: ProStreet','https://res.cloudinary.com/igdb/image/upload/t_cover_small/ofcqreysuxmhfvu9ttwq.png',6.48574,2007),(101,'Need for Speed: Undercover','https://res.cloudinary.com/igdb/image/upload/t_cover_small/h8cmbijl9if55bcypppq.png',6.26584,2008),(102,'Need for Speed: Shift','https://res.cloudinary.com/igdb/image/upload/t_cover_small/qk5i5yeuom8x7xxr45ck.png',8.23557,2009),(103,'Need for Speed: Nitro','https://res.cloudinary.com/igdb/image/upload/t_cover_small/r6ehvs7bvyrgijhsycyq.png',NULL,2009),(104,'Need for Speed: World','https://res.cloudinary.com/igdb/image/upload/t_cover_small/paqxa2ggckpjljos8srg.png',NULL,2010),(105,'Need for Speed: Hot Pursuit','https://res.cloudinary.com/igdb/image/upload/t_cover_small/cxnm0ptxfiuyhdo2bnml.png',8.55297,2010),(106,'Zak McKracken and the Alien Mindbenders','https://res.cloudinary.com/igdb/image/upload/t_cover_small/ueeqymjsdf4topboyhrc.png',NULL,1988),(107,'Hidden & Dangerous 2','https://res.cloudinary.com/igdb/image/upload/t_cover_small/eoaxexx9ktmwb6hponxb.png',7.80842,2003),(108,'Hidden & Dangerous: Devil\'s Bridge','https://res.cloudinary.com/igdb/image/upload/t_cover_small/pmjszoa4lgd7nznewajq.png',NULL,2000),(109,'L.A. Noire','https://res.cloudinary.com/igdb/image/upload/t_cover_small/usohlmbhqiuzl5coafdu.png',8.21077,2011),(110,'Freddy Pharkas: Frontier Pharmacist','https://res.cloudinary.com/igdb/image/upload/t_cover_small/dllpaposlohkhtso5dms.png',NULL,1993),(111,'Amnesia: The Dark Descent','https://res.cloudinary.com/igdb/image/upload/t_cover_small/en7prmgwesn0zyydbyus.png',8.86198,2010),(112,'Devil May Cry 4','https://res.cloudinary.com/igdb/image/upload/t_cover_small/wvaoutsakjogzecsstaf.png',8.01293,2008),(113,'Assassin\'s Creed: Brotherhood','https://res.cloudinary.com/igdb/image/upload/t_cover_small/gqnr3kbwcyou6viisbja.png',8.70092,2010),(114,'Star Wars: The Old Republic','https://res.cloudinary.com/igdb/image/upload/t_cover_small/tbvv4l79ced6h78elpaq.png',8.26901,2011),(115,'League of Legends','https://res.cloudinary.com/igdb/image/upload/t_cover_small/jyjo7p0gihoyqyq0vmmv.png',7.03399,2009),(116,'Star Wars: Knights of the Old Republic','https://res.cloudinary.com/igdb/image/upload/t_cover_small/lapb9uz6jyqwilc91bvw.png',9.24174,2003),(117,'The Last Guardian','https://res.cloudinary.com/igdb/image/upload/t_cover_small/jttcqvro9dwtragqtbjs.png',NULL,2016),(118,'Star Wars: Knights of the Old Republic II - The Si','https://res.cloudinary.com/igdb/image/upload/t_cover_small/eiqrlkhpfyvwxlnny6z5.png',9.02312,2004),(119,'Mortal Kombat','https://res.cloudinary.com/igdb/image/upload/t_cover_small/nt2vgj36mzrsyvns7ck2.png',8.34808,2011),(120,'Diablo III','https://res.cloudinary.com/igdb/image/upload/t_cover_small/hohtqw21z8ucbsylj7i1.png',8.68515,2012),(121,'Minecraft','https://res.cloudinary.com/igdb/image/upload/t_cover_small/ir4mzue6kocggak61aoz.png',8.17109,2011),(122,'Left 4 Dead','https://res.cloudinary.com/igdb/image/upload/t_cover_small/ffdj7i1tl2jvh42lmeis.png',8.0846,2008),(123,'World of Warcraft','https://res.cloudinary.com/igdb/image/upload/t_cover_small/osspygfgdohniipayzeu.png',8.07669,2004),(124,'Left 4 Dead 2','https://res.cloudinary.com/igdb/image/upload/t_cover_small/fxyjfhvtwzzof9ij8ehp.png',8.19817,2009),(125,'Diablo','https://res.cloudinary.com/igdb/image/upload/t_cover_small/ttxkzr6qtlspqcrckvyo.png',8.52783,1996),(126,'Diablo II','https://res.cloudinary.com/igdb/image/upload/t_cover_small/dow139xqgqhn7ar7fr7d.png',8.53047,2000),(127,'Assassin\'s Creed II','https://res.cloudinary.com/igdb/image/upload/t_cover_small/doczeiofd1ckpapdhqs7.png',8.49825,2009),(128,'Assassin\'s Creed','https://res.cloudinary.com/igdb/image/upload/t_cover_small/xuxlspgpqgsdsivgfjlz.png',7.60855,2007),(129,'Warcraft: Orcs & Humans','https://res.cloudinary.com/igdb/image/upload/t_cover_small/xykarzpzf5hrga8ujel6.png',7.96864,1994),(130,'Warcraft II: Tides of Darkness','https://res.cloudinary.com/igdb/image/upload/t_cover_small/olpk2nfqu4susanmykqu.png',8.85932,1995),(131,'Warcraft II: Beyond the Dark Portal','https://res.cloudinary.com/igdb/image/upload/t_cover_small/cundwztjmcsjxfro46nb.png',7.97282,1996),(132,'Warcraft III: Reign of Chaos','https://res.cloudinary.com/igdb/image/upload/t_cover_small/pgpby3sk2vo1dkwc9vgl.png',9.04842,2002),(133,'Warcraft III: The Frozen Throne','https://res.cloudinary.com/igdb/image/upload/t_cover_small/warkeyigiyyknusmfev2.png',8.75857,2003),(134,'Devil May Cry','https://res.cloudinary.com/igdb/image/upload/t_cover_small/v8prpv4sgpcjj99lvhqm.png',8.74954,2001),(135,'Devil May Cry 2','https://res.cloudinary.com/igdb/image/upload/t_cover_small/i6jszm3shejnk0w6if0z.png',7.46355,2003),(136,'Devil May Cry 3: Dante\'s Awakening','https://res.cloudinary.com/igdb/image/upload/t_cover_small/xcpgnvjjfu5qy5v9yhoz.png',8.60101,2005),(137,'Star Wars: The Force Unleashed 2','https://res.cloudinary.com/igdb/image/upload/t_cover_small/ogmtdbxycqmyjztrz1rl.png',5.8003,2010),(138,'Lego Indiana Jones 2: The Adventure Continues','https://res.cloudinary.com/igdb/image/upload/t_cover_small/yyxvtnqkmbb6jqpnnyq.png',NULL,2009),(139,'Star Wars Galactic Battlegrounds','https://res.cloudinary.com/igdb/image/upload/t_cover_small/i5ufvhge5ytaevvhktx1.png',8.92499,2001),(140,'Star Wars Galactic Battlegrounds: Clone Campaigns','https://res.cloudinary.com/igdb/image/upload/t_cover_small/bigxov8s5b2es4ycnytv.png',NULL,2002),(141,'Star Wars Battlefront','https://res.cloudinary.com/igdb/image/upload/t_cover_small/orqklzrwaozxoaudfaw4.png',8.32048,2004),(142,'Star Wars Battlefront II','https://res.cloudinary.com/igdb/image/upload/t_cover_small/uyqccqy6nirfgcyrynwk.png',8.84421,2005),(143,'Star Wars Demolition','https://res.cloudinary.com/igdb/image/upload/t_cover_small/swaoo7lk3fqghefhio8e.png',NULL,2000),(144,'Star Wars: Empire At War','https://res.cloudinary.com/igdb/image/upload/t_cover_small/brzelgiotqhqmofio1ls.png',7.59294,2006),(145,'Star Wars Galaxies: An Empire Divided','https://res.cloudinary.com/igdb/image/upload/t_cover_small/dhoavwbmxu9nbyyyx6sz.png',NULL,2003),(146,'Star Wars Galaxies: Episode III Rage of the Wookie','https://res.cloudinary.com/igdb/image/upload/t_cover_small/lygf7xuzkxxyg87buvcy.png',NULL,2005),(147,'Star Wars Galaxies: Jump to Lightspeed','https://res.cloudinary.com/igdb/image/upload/t_cover_small/fdkzh0ljjevbj3mscmia.png',NULL,2004),(148,'Star Wars Republic Commando','https://res.cloudinary.com/igdb/image/upload/t_cover_small/njo9qai8v18v1kmn2oix.png',8.60948,2005),(149,'Star Wars Starfighter','https://res.cloudinary.com/igdb/image/upload/t_cover_small/eqg7mdc5esmjp9yfprio.png',NULL,2001),(150,'Star Wars Jedi Knight: Dark Forces II','https://res.cloudinary.com/igdb/image/upload/t_cover_small/mpywozlirwxolbdqbhsr.png',8.66709,1997),(151,'Star Wars: Rebellion','https://res.cloudinary.com/igdb/image/upload/t_cover_small/xpa3ounhjoktereausyh.png',NULL,1998),(152,'Star Wars Jedi Knight II: Jedi Outcast','https://res.cloudinary.com/igdb/image/upload/t_cover_small/gchslwmivoc2kujobs8d.png',8.51726,2002),(153,'Star Wars Jedi Knight: Jedi Academy','https://res.cloudinary.com/igdb/image/upload/t_cover_small/dod2lkiwmzf4ganpfmuu.png',8.77362,2003),(154,'Star Wars Episode I: Racer','https://res.cloudinary.com/igdb/image/upload/t_cover_small/nbdvbku56mhpscnnm88r.png',7.70222,1999),(155,'Star Wars: Yoda Stories','https://res.cloudinary.com/igdb/image/upload/t_cover_small/zi8iyroqpic9psbwa1av.png',NULL,1997),(156,'Star Wars: Episode I - Battle for Naboo','https://res.cloudinary.com/igdb/image/upload/t_cover_small/vz2avs7bmavttx9aaarm.png',NULL,2000),(157,'Star Wars: Dark Forces','https://res.cloudinary.com/igdb/image/upload/t_cover_small/wmpvznht0m8fngqiacv1.png',8.38983,1995),(158,'Star Wars Episode I: The Phantom Menace','https://res.cloudinary.com/igdb/image/upload/t_cover_small/claiarqpcwzqtbtlyaxd.png',7.0506,1999),(159,'Star Wars: Force Commander','https://res.cloudinary.com/igdb/image/upload/t_cover_small/ma1d6ddhii0vvp2cqlsd.png',NULL,2000),(160,'Star Wars: Jedi Knight - Mysteries of the Sith','https://res.cloudinary.com/igdb/image/upload/t_cover_small/bkjrhgg3lstp15gzcq8v.png',NULL,1998),(161,'Star Wars: Rebel Assault','https://res.cloudinary.com/igdb/image/upload/t_cover_small/qwmlh3crmk7vjtgajqih.png',NULL,1993),(162,'Star Wars: Rebel Assault II - The Hidden Empire','https://res.cloudinary.com/igdb/image/upload/t_cover_small/ah964o7elinhvmvbhbft.png',NULL,1995),(163,'Star Wars: Rogue Squadron','https://res.cloudinary.com/igdb/image/upload/t_cover_small/cl0vffu6yqph6oiltgz7.png',7.64533,1998),(164,'Star Wars: Shadows of the Empire','https://res.cloudinary.com/igdb/image/upload/t_cover_small/rlgmkex2dztpdu0hixgo.png',7.0021,1996),(165,'Star Wars: Super Return of the Jedi','https://res.cloudinary.com/igdb/image/upload/t_cover_small/io6dbhf4att5f9ih0wyx.png',NULL,1994),(166,'Star Wars: TIE Fighter','https://res.cloudinary.com/igdb/image/upload/t_cover_small/gbzejxy08oqj3fcihb5u.png',9.44769,1994),(167,'Star Wars: TIE Fighter - Defender of the Empire','https://res.cloudinary.com/igdb/image/upload/t_cover_small/qo3ozfwoaef9k4b3r1xu.png',NULL,1994),(168,'Star Wars: X-Wing','https://res.cloudinary.com/igdb/image/upload/t_cover_small/vsee1zgojkrcpllqv0rq.png',8.22701,1993),(169,'Star Wars: X-Wing Alliance','https://res.cloudinary.com/igdb/image/upload/t_cover_small/bkkwlx3ex2s9vsiu9n2e.png',8.43975,1999),(170,'Star Wars: X-Wing vs. TIE Fighter','https://res.cloudinary.com/igdb/image/upload/t_cover_small/ek15xohawwszqmstdbnw.png',NULL,1997),(171,'Star Wars: X-Wing - B-Wing','https://res.cloudinary.com/igdb/image/upload/t_cover_small/og0vwoywhrqnfzowlqdt.png',NULL,1993),(172,'Star Wars: X-Wing vs. TIE Fighter - Balance of Pow','https://res.cloudinary.com/igdb/image/upload/t_cover_small/aklb1isbqeajasty8upb.png',NULL,1997),(173,'Star Wars: X-Wing Imperial Pursuit','https://res.cloudinary.com/igdb/image/upload/t_cover_small/v1thludorykvw7pkrwek.png',NULL,1993),(174,'Star Wars: Empire at War - Forces of Corruption','https://res.cloudinary.com/igdb/image/upload/t_cover_small/ibqpo9aqyefwq01pglog.png',NULL,2006),(175,'Afterlife','https://res.cloudinary.com/igdb/image/upload/t_cover_small/jo5pssfwjukkqynvu8o1.png',NULL,1996),(176,'Ballblazer','https://res.cloudinary.com/igdb/image/upload/t_cover_small/zrmgunkbxiwjhdfabbue.png',NULL,1984),(177,'Ballblazer Champions','https://res.cloudinary.com/igdb/image/upload/t_cover_small/oxa7entguei4cst9pid0.png',NULL,1997),(178,'Battlehawks 1942','https://res.cloudinary.com/igdb/image/upload/t_cover_small/og01tecrchjlnreeg6i3.png',NULL,1988),(179,'Do 335 Pfeil Tour of Duty','https://res.cloudinary.com/igdb/image/upload/t_cover_small/gpcnospx9zbdskgcbhgp.png',NULL,1992),(180,'Full Throttle','https://res.cloudinary.com/igdb/image/upload/t_cover_small/ebdzpwb0m8jrv8ulfuip.png',8.45855,1995),(181,'Grim Fandango','https://res.cloudinary.com/igdb/image/upload/t_cover_small/l7mtkr6stxqq3pqeaelp.png',9.43589,1998),(182,'He-162 Volksjäger Tour Of Duty','https://res.cloudinary.com/igdb/image/upload/t_cover_small/ufrkz9u15ckuu0i5tdg2.png',NULL,1992),(183,'Indiana Jones and His Desktop Adventures','https://res.cloudinary.com/igdb/image/upload/t_cover_small/jxtv9gt9ttw3pxguntyq.png',NULL,1996),(184,'Indiana Jones and the Fate of Atlantis: The Graphi','https://res.cloudinary.com/igdb/image/upload/t_cover_small/oihwqy3gqxdml0iac8p5.png',9.60137,1992),(185,'Indiana Jones and the Last Crusade: The Action Gam','https://res.cloudinary.com/igdb/image/upload/t_cover_small/hwgtppwjunslvkhmqw1d.png',NULL,1989),(186,'Indiana Jones and the Last Crusade: The Graphic Ad','https://res.cloudinary.com/igdb/image/upload/t_cover_small/wqdkgv0laokql4fpoqjj.png',NULL,1989),(187,'Indiana Jones and the Emperor\'s Tomb','https://res.cloudinary.com/igdb/image/upload/t_cover_small/vk5hqh99m82hoxkdcf1w.png',NULL,2003),(188,'Indiana Jones and the Infernal Machine','https://res.cloudinary.com/igdb/image/upload/t_cover_small/wae9ochblc12rvnmc7o9.png',NULL,1999),(189,'Lego Indiana Jones: The Original Adventures','https://res.cloudinary.com/igdb/image/upload/t_cover_small/ooupgoph7y5e3tufkqjr.png',7.8664,2008),(190,'Lego Star Wars II: The Original Trilogy','https://res.cloudinary.com/igdb/image/upload/t_cover_small/jbny4l3tsoc2su1i66u6.png',8.1567,2006),(191,'Loom','https://res.cloudinary.com/igdb/image/upload/t_cover_small/wkf8v8r12t1shzk0dcy0.png',8.83816,1990),(192,'Maniac Mansion','https://res.cloudinary.com/igdb/image/upload/t_cover_small/fmqcwkcys1wj29iqh9hx.png',8.02791,1987),(193,'Day of the Tentacle','https://res.cloudinary.com/igdb/image/upload/t_cover_small/onj3vkgkacx9k05cuzxh.png',9.25431,1993),(194,'Mortimer and the Riddles of the Medallion','https://res.cloudinary.com/igdb/image/upload/t_cover_small/fl0bjezupibkettkmsyg.png',NULL,1996),(195,'Night Shift','https://res.cloudinary.com/igdb/image/upload/t_cover_small/piry1v3xmrc8rzckajta.png',NULL,1990),(196,'Outlaws','https://res.cloudinary.com/igdb/image/upload/t_cover_small/y1prn32jm7uk2tywzlv0.png',8.85789,1997),(197,'P-38 Lightning Tour of Duty','https://res.cloudinary.com/igdb/image/upload/t_cover_small/ocpoosehx4belistiquq.png',NULL,1991),(198,'P-80 Shooting Star Tour of Duty','https://res.cloudinary.com/igdb/image/upload/t_cover_small/odvacl3yd6x3unkmp0b0.png',NULL,1991),(199,'PHM Pegasus','https://res.cloudinary.com/igdb/image/upload/t_cover_small/bvogflnc3hetxdwnwjcu.png',NULL,1987),(200,'Pipe Mania','https://res.cloudinary.com/igdb/image/upload/t_cover_small/bpw1bfqp2qfes3xpthz2.png',NULL,1989),(201,'Rescue on Fractalus!','https://res.cloudinary.com/igdb/image/upload/t_cover_small/awbhkm3o8bbyi5wuib8j.png',NULL,1984),(202,'Sam & Max Hit the Road','https://res.cloudinary.com/igdb/image/upload/t_cover_small/t3kis8vfx0gfkuyobyvz.png',8.96783,1993),(203,'Secret Weapons Over Normandy','https://res.cloudinary.com/igdb/image/upload/t_cover_small/u2fpfrogipirpc0k2lt3.png',NULL,2003),(204,'Secret Weapons of the Luftwaffe','https://res.cloudinary.com/igdb/image/upload/t_cover_small/qthgwa8vvpcqfc34dpuo.png',NULL,1991),(205,'Strike Fleet','https://res.cloudinary.com/igdb/image/upload/t_cover_small/hccdwaznay2vxo0vknlv.png',NULL,1987),(206,'Star Wars Galaxies: Trials of Obi-Wan','https://res.cloudinary.com/igdb/image/upload/t_cover_small/qzsqse5sy8tfddqch8fc.png',NULL,2005),(207,'The Dig','https://res.cloudinary.com/igdb/image/upload/t_cover_small/vyenq6rpyzuzjfy0aa52.png',8.89961,1995),(208,'Their Finest Hour: The Battle of Britain','https://res.cloudinary.com/igdb/image/upload/t_cover_small/ppdh4dyaqkwt4e25pms2.png',NULL,1989),(209,'Thrillville: Off the Rails','https://res.cloudinary.com/igdb/image/upload/t_cover_small/cu1e2ejawotric3d6bs7.png',NULL,2007),(210,'Star Wars The Clone Wars: Republic Heroes','https://res.cloudinary.com/igdb/image/upload/t_cover_small/pmvv9xd4e7zxhdn3zag1.png',NULL,2009),(211,'Armed and Dangerous','https://res.cloudinary.com/igdb/image/upload/t_cover_small/trsh0jctqsedrbwvsgtk.png',8.59683,2003),(212,'Brütal Legend','https://res.cloudinary.com/igdb/image/upload/t_cover_small/bqhvuvo0zhumuvvq82wy.png',8.4502,2009),(213,'Mass Effect Galaxy','https://res.cloudinary.com/igdb/image/upload/t_cover_small/pnzsv9ueb6tty6ob8q1t.png',NULL,2009),(214,'Neverwinter Nights 2','https://res.cloudinary.com/igdb/image/upload/t_cover_small/v29qx5q9v5ucplxj6006.png',8.10699,2006),(215,'Warhammer Online: Age of Reckoning','https://res.cloudinary.com/igdb/image/upload/t_cover_small/mv2bs3l04kmod2vy21tt.png',NULL,2008),(216,'Neverwinter Nights','https://res.cloudinary.com/igdb/image/upload/t_cover_small/zwbyu6pxwblbk2kgoave.png',8.62219,2002),(217,'Sonic Chronicles: The Dark Brotherhood','https://res.cloudinary.com/igdb/image/upload/t_cover_small/wg4cztcdaezqfugmsajz.png',NULL,2008),(218,'MDK2','https://res.cloudinary.com/igdb/image/upload/t_cover_small/orcvy3auf0idwgz3zfz9.png',8.08791,2000),(219,'MDK','https://res.cloudinary.com/igdb/image/upload/t_cover_small/e9ro3joe2mrwapqzndth.png',8.43924,1997),(220,'Shattered Steel','https://res.cloudinary.com/igdb/image/upload/t_cover_small/zwdt9rqthaapdf1hvv0r.png',NULL,1996),(221,'Phantasmagoria','https://res.cloudinary.com/igdb/image/upload/t_cover_small/hxno5nznizfc5uq5wxee.png',8.60876,1995),(222,'Phantasmagoria: A Puzzle of Flesh','https://res.cloudinary.com/igdb/image/upload/t_cover_small/dqch8ueruwih5ast4fx0.png',NULL,1996),(223,'The Sims','https://res.cloudinary.com/igdb/image/upload/t_cover_small/ilai66vsbpfl8cvayyct.png',8.63113,2000),(224,'The Sims 2','https://res.cloudinary.com/igdb/image/upload/t_cover_small/qvc1wmcrzze2bninzg80.png',7.48938,2004),(225,'The Sims 2: Pets','https://res.cloudinary.com/igdb/image/upload/t_cover_small/q3ja9yzssunf4fuijrat.png',7.06806,2006),(226,'The Sims 2: Seasons','https://res.cloudinary.com/igdb/image/upload/t_cover_small/hq72bcbcxg0wo7tttfyq.png',NULL,2007),(227,'World of Warcraft: The Burning Crusade','https://res.cloudinary.com/igdb/image/upload/t_cover_small/gmvflcngdn5ykbwclpvs.png',8.99723,2007),(228,'World of Warcraft: Wrath of the Lich King','https://res.cloudinary.com/igdb/image/upload/t_cover_small/yli5wwd96p9tuk5bewdx.png',8.85184,2008),(229,'World of Warcraft: Cataclysm','https://res.cloudinary.com/igdb/image/upload/t_cover_small/epwl9m61vvohe7uubk1d.png',8.07089,2010),(230,'StarCraft','https://res.cloudinary.com/igdb/image/upload/t_cover_small/lycxgr2b5xp8nii6gowb.png',9.20748,1998),(231,'Half-Life','https://res.cloudinary.com/igdb/image/upload/t_cover_small/twbyn9lpdljjxedxudn5.png',9.59366,1998),(232,'Half-Life: Opposing Force','https://res.cloudinary.com/igdb/image/upload/t_cover_small/m9kcyninqdeuq73hsum0.png',8.32052,1999),(233,'Half-Life 2','https://res.cloudinary.com/igdb/image/upload/t_cover_small/krrfjrjmbqlrqss6spnn.png',9.34124,2004),(234,'Guild Wars','https://res.cloudinary.com/igdb/image/upload/t_cover_small/jpupudd8kbumu59n3ryo.png',7.90471,2005),(235,'RollerCoaster Tycoon 3','https://res.cloudinary.com/igdb/image/upload/t_cover_small/b5eesw8si4sowiwbxqua.png',8.90589,2004),(236,'Myst','https://res.cloudinary.com/igdb/image/upload/t_cover_small/g5smh1yjndwdw6ibxado.png',8.0994,1993),(237,'SimCity 3000','https://res.cloudinary.com/igdb/image/upload/t_cover_small/jylxkl40bamjuiwarxgu.png',8.6166,1999),(238,'Riven','https://res.cloudinary.com/igdb/image/upload/t_cover_small/ghm9xzigomqaolvtqoan.png',8.72298,1997),(239,'StarCraft II: Wings of Liberty','https://res.cloudinary.com/igdb/image/upload/t_cover_small/kgr11q9cngkn8bgutqph.png',9.05652,2010),(240,'Battlefield 1942','https://res.cloudinary.com/igdb/image/upload/t_cover_small/oyzjxd6h3jwabgakeffx.png',7.85176,2002),(241,'Counter-Strike','https://res.cloudinary.com/igdb/image/upload/t_cover_small/y0vlsy3mxlkxnfafvsnk.png',8.54893,1999),(242,'Cossacks: European Wars','https://res.cloudinary.com/igdb/image/upload/t_cover_small/njnd7dtbwtwqydde6r5l.png',NULL,2001),(243,'Who Wants to Be a Millionaire?','https://res.cloudinary.com/igdb/image/upload/t_cover_small/myncdjb45xmxxk97rbhg.png',NULL,1999),(244,'The Bureau: XCOM Declassified','https://res.cloudinary.com/igdb/image/upload/t_cover_small/pwcfg5cnpyka0ic9sykp.png',7.71704,2013),(245,'Command & Conquer: Red Alert 2','https://res.cloudinary.com/igdb/image/upload/t_cover_small/jryjuanclzzncnlzek08.png',8.19921,2000),(246,'Diablo II: Lord of Destruction','https://res.cloudinary.com/igdb/image/upload/t_cover_small/kfvnrf9jgsib4kym8gbn.png',8.82875,2001),(247,'Half-Life 2: Episode Two','https://res.cloudinary.com/igdb/image/upload/t_cover_small/qoorjlgdpuht3ulk6ujp.png',8.53577,2007),(248,'Populous','https://res.cloudinary.com/igdb/image/upload/t_cover_small/gdlnffdq2tmdodal7n34.png',7.98344,1989),(249,'Superhero League of Hoboken','https://res.cloudinary.com/igdb/image/upload/t_cover_small/p23y5nwvvmnxtrwpovvf.png',NULL,1994),(250,'The Chronicles of Riddick: Escape from Butcher Bay','https://res.cloudinary.com/igdb/image/upload/t_cover_small/ynciwx5bafgrmqf8zdfa.png',8.35813,2004),(251,'Where in the World Is Carmen Sandiego?','https://res.cloudinary.com/igdb/image/upload/t_cover_small/ovrocpwswe1hieuar4z5.png',NULL,1985),(252,'Deer Hunter\'s Extended Season','https://res.cloudinary.com/igdb/image/upload/t_cover_small/vqf2wnwpoktu231nfc2p.png',NULL,1998),(253,'Stonekeep','https://res.cloudinary.com/igdb/image/upload/t_cover_small/w0abqro24qvfujzxdd6b.png',NULL,1995),(254,'RollerCoaster Tycoon','https://res.cloudinary.com/igdb/image/upload/t_cover_small/l0c7hhzqxchd8mrvudy2.png',8.14118,1999),(255,'Arcanum: Of Steamworks and Magick Obscura','https://res.cloudinary.com/igdb/image/upload/t_cover_small/e3kkmmndibrcub82lnqi.png',9.0359,2001),(256,'Deer Hunter 3 Gold','https://res.cloudinary.com/igdb/image/upload/t_cover_small/pns3idtvi1zrteqym2do.png',NULL,2000),(257,'Warhammer 40,000: Dawn of War','https://res.cloudinary.com/igdb/image/upload/t_cover_small/cib6lcivothrybbo4ekd.png',7.97781,2004),(258,'Deer Hunter 4: World-Class Record Bucks','https://res.cloudinary.com/igdb/image/upload/t_cover_small/eojokuktlkawq6nr1v9i.png',NULL,2001),(259,'Deer Hunter 5: Tracking Trophies','https://res.cloudinary.com/igdb/image/upload/t_cover_small/eye80lpmtwdjqjzww7jz.png',NULL,2001),(260,'The Sims 3','https://res.cloudinary.com/igdb/image/upload/t_cover_small/hqzznk6ymytltzc2ogzz.png',8.16272,2009),(261,'Deer Hunter 2003: Legendary Hunting','https://res.cloudinary.com/igdb/image/upload/t_cover_small/gzwehl7lyeabjbglisl4.png',NULL,2002),(262,'Deer Hunter 2004','https://res.cloudinary.com/igdb/image/upload/t_cover_small/zrg7rey0qlkrddhxz5z1.png',NULL,2003),(263,'Deer Hunter: Interactive Hunting Experience','https://res.cloudinary.com/igdb/image/upload/t_cover_small/nek9epg6jruhoxokqmrh.png',NULL,1997),(264,'Deer Hunter 2005','https://res.cloudinary.com/igdb/image/upload/t_cover_small/qqkjcwtnpotdwm9oack1.png',NULL,2004),(265,'Deer Hunter II: The Hunt Continues','https://res.cloudinary.com/igdb/image/upload/t_cover_small/jdhfzolc2uvo3zjdtvgb.png',NULL,1998),(266,'Deer Hunter Tournament','https://res.cloudinary.com/igdb/image/upload/t_cover_small/g3momye42muxyx0ytqxk.png',NULL,2008),(267,'Deer Hunter 3: The Legend Continues','https://res.cloudinary.com/igdb/image/upload/t_cover_small/uz3skg6kutsv727mqnmz.png',NULL,1999),(268,'Deer Hunter 3D','https://res.cloudinary.com/igdb/image/upload/t_cover_small/b2vl7upt1qsmdvjqni3w.png',NULL,2009),(269,'Deer Hunter Challenge','https://res.cloudinary.com/igdb/image/upload/t_cover_small/k5b5valjysowjj11zbh9.png',NULL,2010),(270,'Age of Conan: Hyborian Adventures','https://res.cloudinary.com/igdb/image/upload/t_cover_small/qscq69mfwkfp6mroo1yh.png',NULL,2008),(271,'Vietcong','https://res.cloudinary.com/igdb/image/upload/t_cover_small/z7qombaqloez5brvgrlv.png',7.59289,2003),(272,'Unreal Tournament','https://res.cloudinary.com/igdb/image/upload/t_cover_small/pa4nlfptsuog0a92rykd.png',8.6118,1999),(273,'Unreal','https://res.cloudinary.com/igdb/image/upload/t_cover_small/lcfmjdzlotfkmjq2ctkc.png',8.14231,1998),(274,'Tropico','https://res.cloudinary.com/igdb/image/upload/t_cover_small/zp4flo2gvzx503zjilxz.png',NULL,2001),(275,'Commandos: Strike Force','https://res.cloudinary.com/igdb/image/upload/t_cover_small/mu3pt5ksqlhi309q1glc.png',6.09561,2006);
/*!40000 ALTER TABLE `games` ENABLE KEYS */;
UNLOCK TABLES;

--
-- Table structure for table `genres`
--

DROP TABLE IF EXISTS `genres`;
/*!40101 SET @saved_cs_client     = @@character_set_client */;
/*!40101 SET character_set_client = utf8 */;
CREATE TABLE `genres` (
  `genre_id` int(11) NOT NULL AUTO_INCREMENT,
  `genre_name` varchar(100) DEFAULT NULL,
  PRIMARY KEY (`genre_id`)
) ENGINE=InnoDB AUTO_INCREMENT=19 DEFAULT CHARSET=latin1;
/*!40101 SET character_set_client = @saved_cs_client */;

--
-- Dumping data for table `genres`
--

LOCK TABLES `genres` WRITE;
/*!40000 ALTER TABLE `genres` DISABLE KEYS */;
INSERT INTO `genres` VALUES (1,'Shooter'),(2,'Role-playing (RPG)'),(3,'Strategy'),(4,'Turn-based strategy (TBS)'),(5,'Tactical'),(6,'Fighting'),(7,'Adventure'),(8,'Real Time Strategy (RTS)'),(9,'Simulator'),(10,'Point-and-click'),(11,'Hack and slash/Beat \'em up'),(12,'Puzzle'),(13,'Platform'),(14,'Racing'),(15,'Arcade'),(16,'Indie'),(17,'Sport'),(18,'Quiz/Trivia');
/*!40000 ALTER TABLE `genres` ENABLE KEYS */;
UNLOCK TABLES;

--
-- Table structure for table `platforms`
--

DROP TABLE IF EXISTS `platforms`;
/*!40101 SET @saved_cs_client     = @@character_set_client */;
/*!40101 SET character_set_client = utf8 */;
CREATE TABLE `platforms` (
  `platform_id` int(11) NOT NULL AUTO_INCREMENT,
  `platform_name` varchar(100) DEFAULT NULL,
  PRIMARY KEY (`platform_id`)
) ENGINE=InnoDB AUTO_INCREMENT=56 DEFAULT CHARSET=latin1;
/*!40101 SET character_set_client = @saved_cs_client */;

--
-- Dumping data for table `platforms`
--

LOCK TABLES `platforms` WRITE;
/*!40000 ALTER TABLE `platforms` DISABLE KEYS */;
INSERT INTO `platforms` VALUES (1,'Microsoft Windows'),(2,'Xbox'),(3,'PlayStation 3'),(4,'PlayStation 4'),(5,'Xbox 360'),(6,'Xbox One'),(7,'Linux'),(8,'Mac'),(9,'PC DOS'),(10,'Nintendo DS'),(11,'Amiga'),(12,'PlayStation 2'),(13,'Game Boy Advance'),(14,'iOS'),(15,'Android'),(16,'PlayStation'),(17,'Apple II'),(18,'Atari ST/STE'),(19,'PlayStation Network'),(20,'Wii'),(21,'Sega Mega Drive/Genesis'),(22,'Super Nintendo Entertainment System (SNES)'),(23,'3DO Interactive Multiplayer'),(24,'Atari Jaguar'),(25,'Sega CD'),(26,'Amiga CD32'),(27,'FM Towns'),(28,'Xbox Live Arcade'),(29,'Wii U'),(30,'Nintendo GameCube'),(31,'Acorn Archimedes'),(32,'Sega Saturn'),(33,'PlayStation Portable'),(34,'Commodore C64/128'),(35,'PlayStation Vita'),(36,'Windows Phone'),(37,'Nintendo 64'),(38,'Game Boy Color'),(39,'Dreamcast'),(40,'Game Boy'),(41,'Sega Game Gear'),(42,'Amstrad CPC'),(43,'Atari 8-bit'),(44,'MSX'),(45,'Nintendo Entertainment System (NES)'),(46,'ZX Spectrum'),(47,'Atari 5200'),(48,'Atari 7800'),(49,'BBC Microcomputer System'),(50,'Arcade'),(51,'WiiWare'),(52,'Philips CD-i'),(53,'Sharp X68000'),(54,'Sega Master System'),(55,'TurboGrafx-16/PC Engine');
/*!40000 ALTER TABLE `platforms` ENABLE KEYS */;
UNLOCK TABLES;

--
-- Table structure for table `years`
--

DROP TABLE IF EXISTS `years`;
/*!40101 SET @saved_cs_client     = @@character_set_client */;
/*!40101 SET character_set_client = utf8 */;
CREATE TABLE `years` (
  `year_id` int(11) NOT NULL,
  `num_games` int(11) DEFAULT NULL,
  `most_popular_genre` varchar(100) DEFAULT NULL,
  `avg_rating` float DEFAULT NULL,
  PRIMARY KEY (`year_id`)
) ENGINE=InnoDB DEFAULT CHARSET=latin1;
/*!40101 SET character_set_client = @saved_cs_client */;

--
-- Dumping data for table `years`
--

LOCK TABLES `years` WRITE;
/*!40000 ALTER TABLE `years` DISABLE KEYS */;
INSERT INTO `years` VALUES (1955,0,NULL,NULL),(1972,0,NULL,NULL),(1975,0,NULL,NULL),(1979,0,NULL,NULL),(1980,0,NULL,NULL),(1981,0,NULL,NULL),(1982,0,NULL,NULL),(1983,0,NULL,NULL),(1984,2,'Simulator',NULL),(1985,1,'Puzzle',NULL),(1986,1,'Adventure',NULL),(1987,4,'Adventure',8.02791),(1988,2,'Adventure',NULL),(1989,6,'Adventure',7.98344),(1990,3,'Point-and-click',8.8986),(1991,5,'Simulator',9.22523),(1992,5,'Adventure',8.64944),(1993,12,'Adventure',8.61322),(1994,9,'Role-playing (RPG)',8.62902),(1995,11,'Adventure',8.45135),(1996,12,'Adventure',8.13759),(1997,15,'Shooter',8.52238),(1998,16,'Shooter',8.64741),(1999,16,'Shooter',8.30655),(2000,16,'Shooter',8.6908),(2001,15,'Strategy',8.5409),(2002,10,'Shooter',8.40554),(2003,16,'Shooter',8.35349),(2004,14,'Role-playing (RPG)',8.49224),(2005,9,'Role-playing (RPG)',8.34967),(2006,8,'Real Time Strategy (RTS)',7.59772),(2007,11,'Shooter',8.31284),(2008,12,'Shooter',7.94239),(2009,17,'Adventure',8.19922),(2010,14,'Role-playing (RPG)',8.4564),(2011,8,'Role-playing (RPG)',8.35491),(2012,2,'Role-playing (RPG)',8.87264),(2013,1,'Shooter',7.71704),(2014,1,'Shooter',7.18466),(2015,0,NULL,NULL),(2016,1,'Adventure',NULL);
/*!40000 ALTER TABLE `years` ENABLE KEYS */;
UNLOCK TABLES;
/*!40103 SET TIME_ZONE=@OLD_TIME_ZONE */;

/*!40101 SET SQL_MODE=@OLD_SQL_MODE */;
/*!40014 SET FOREIGN_KEY_CHECKS=@OLD_FOREIGN_KEY_CHECKS */;
/*!40014 SET UNIQUE_CHECKS=@OLD_UNIQUE_CHECKS */;
/*!40101 SET CHARACTER_SET_CLIENT=@OLD_CHARACTER_SET_CLIENT */;
/*!40101 SET CHARACTER_SET_RESULTS=@OLD_CHARACTER_SET_RESULTS */;
/*!40101 SET COLLATION_CONNECTION=@OLD_COLLATION_CONNECTION */;
/*!40111 SET SQL_NOTES=@OLD_SQL_NOTES */;

-- Dump completed on 2016-04-13 18:52:26
